text,label,language
आज क्लास कितने बजे शुरू होगी?,0,Hindi
कल तुम्हारा प्रेजेंटेशन बहुत अच्छा था!,0,Hindi
"मैं शाम को बाजार जा रहा हूँ, कुछ चाहिए?",0,Hindi
तुम घर पहुंचते ही बता देना।,0,Hindi
पढ़ाई कैसी चल रही है?,0,Hindi
हम लोग रविवार को मूवी प्लान कर रहे हैं।,0,Hindi
आज मौसम बहुत अच्छा है।,0,Hindi
मैंने तुम्हारी किताब मेज पर रख दी है।,0,Hindi
"लैपटॉप चार्ज कर देना, सुबह काम है।",0,Hindi
किराना लेने जाना है क्या?,0,Hindi
"डॉक्यूमेंट्स प्रिंट कर दिए हैं, चिंता मत करो।",0,Hindi
क्या तुमने खाना खाया?,0,Hindi
मैं बस 10 मिनट में पहुँच रहा हूँ।,0,Hindi
आज का टेस्ट कैसा गया?,0,Hindi
"तुमने जो नोट्स भेजे थे, काफी मदद मिली!",0,Hindi
तुम्हारी फ्लाइट कब लैंड करेगी?,0,Hindi
क्या कल लाइब्रेरी चलना है?,0,Hindi
मीटिंग लिंक भेज देना जब बन जाए।,0,Hindi
मैं शाम तक असाइनमेंट पूरा कर लूँगा।,0,Hindi
तुम्हारा फ़ोन स्विच्ड ऑफ़ आ रहा था।,0,Hindi
क्या तुम आज फ्री हो?,0,Hindi
मुझे वो फोटो भेज देना।,0,Hindi
तुमने नया फोन ले लिया क्या?,0,Hindi
लंच ब्रेक में कॉल कर लेना।,0,Hindi
मेरा प्रैक्टिकल अच्छे से हो गया!,0,Hindi
तुम्हारी ट्रेन कितने बजे है?,0,Hindi
कृपया उस फाइल को रीनेम कर देना।,0,Hindi
तुमने नया एपिसोड देखा क्या?,0,Hindi
कल जल्दी निकलना पड़ेगा।,0,Hindi
"ग्रुप में जो असाइनमेंट आया है, देख लिया?",0,Hindi
"तुमने जो गाना भेजा था, बहुत अच्छा है!",0,Hindi
"मैंने मेल कर दी है, चेक कर लेना।",0,Hindi
कल जिम चलोगे?,0,Hindi
मैंने प्रोजेक्ट का डाटा अपडेट कर दिया है।,0,Hindi
आज घर जल्दी जाना है।,0,Hindi
लैब कोट लाना मत भूलना।,0,Hindi
आज ट्रैफिक बहुत था।,0,Hindi
तुम्हारा रिज्यूमे काफी अच्छा लग रहा है!,0,Hindi
क्या हम ये टास्क कल कर सकते हैं?,0,Hindi
नया शेड्यूल आ गया है?,0,Hindi
मैसेज कर देना जब फ्री हो।,0,Hindi
मैं ऑफिस में हूँ अभी।,0,Hindi
तुम्हारे नोट्स बहुत क्लियर हैं।,0,Hindi
मैंने लिंक्स सेव कर लिए हैं।,0,Hindi
"आज बहुत काम है, शाम को बात करेंगे।",0,Hindi
मीटिंग 5 मिनट लेट होगी।,0,Hindi
मैंने तुम्हारी पेन वापस रख दी है।,0,Hindi
यहाँ नेटवर्क बहुत खराब है।,0,Hindi
पानी पीते रहना।,0,Hindi
क्या हम 10 बजे मिलें?,0,Hindi
कृपया ये डॉक्यूमेंट्स पढ़ लेना।,0,Hindi
तुम्हारा लैपटॉप ठीक हो गया क्या?,0,Hindi
मैं कैफेटेरिया में हूँ।,0,Hindi
लंच कर लिया क्या?,0,Hindi
मैंने फोल्डर अपडेट कर दिया है।,0,Hindi
कल कॉलेज भीड़ था।,0,Hindi
मैं घर से काम कर रहा हूँ।,0,Hindi
तुमने नया अपडेट इंस्टॉल किया?,0,Hindi
आज छुट्टी है क्या?,0,Hindi
हम कल प्रोजेक्ट मीटिंग करेंगे।,0,Hindi
यार सच में थक गया हूँ आज।,0,Hindi
तुम्हारी तबियत अब कैसी है?,0,Hindi
किताब मिल गई क्या?,0,Hindi
मैंने लिंक खोल लिया है।,0,Hindi
लैपटॉप रीस्टार्ट कर लो।,0,Hindi
प्रिंटर में पेपर डाल दो।,0,Hindi
मैं रात में पढ़ाई करूँगा।,0,Hindi
होमवर्क बहुत लंबा है आज।,0,Hindi
ग्रुप डिस्कशन अच्छा हुआ!,0,Hindi
मैंने हाजिरी लगा दी है।,0,Hindi
कल वाइवा है याद रखना।,0,Hindi
तुम्हारा प्रोजेक्ट काफी अच्छा है।,0,Hindi
मैं फाइल अपलोड कर रहा हूँ।,0,Hindi
लाइब्रेरी खाली थी आज।,0,Hindi
मैंने सब कुछ नोट कर लिया है।,0,Hindi
आपका बैंक खाता बंद कर दिया गया है। तुरंत सत्यापन करें।,1,Hindi
"आपने ₹25,000 का इनाम जीता है! अभी दावा करें।",1,Hindi
आपका UPI ब्लॉक हो जाएगा। 30 मिनट के अंदर KYC पूरा करें।,1,Hindi
"आपके खाते से ₹40,000 डेबिट हुआ है। यदि यह आपने नहीं किया तो यहाँ क्लिक करें।",1,Hindi
आपका पैन कार्ड निलंबित कर दिया गया है। पुनः सक्रिय करें।,1,Hindi
भारतीय डाक विभाग: आपका पार्सल रोका गया है। शुल्क भरें।,1,Hindi
आपका आधार कार्ड गलत पाया गया है। तुरंत अपडेट करें।,1,Hindi
आपके खाते में संदिग्ध लॉगिन पाया गया। सुरक्षा जांच करें।,1,Hindi
आपकी बिजली का बिल भुगतान नहीं हुआ। सप्लाई बंद की जाएगी।,1,Hindi
आपका फोन नंबर KYC के बिना बंद हो जाएगा।,1,Hindi
आपका ATM कार्ड आज रात 12 बजे से ब्लॉक हो जाएगा। अभी सत्यापन करें।,1,Hindi
"आपके बैंक खाते में ₹75,000 की suspicious activity पाई गई है।",1,Hindi
आपका FASTag ब्लैकलिस्ट किया जा रहा है। जल्द भुगतान करें।,1,Hindi
KYC incomplete होने के कारण आपका wallet बंद हो जाएगा।,1,Hindi
आपके क्रेडिट कार्ड पर नया device login हुआ है।,1,Hindi
आपका इंश्योरेंस पॉलिसी cancel हो रही है। तुरंत renew करें।,1,Hindi
EPFO वेरिफिकेशन पेंडिंग है। आपका PF क्लेम रुक जाएगा।,1,Hindi
आपकी ट्रेन टिकट auto-cancel हो जाएगी। भुगतान सत्यापित करें।,1,Hindi
आपका WhatsApp बंद किया जाएगा क्योंकि आपका अकाउंट misuse हुआ है।,1,Hindi
आपका Instagram verification असफल हुआ। अभी सत्यापन करें।,1,Hindi
आपके Facebook पर community violation दर्ज हुआ है।,1,Hindi
आपके आधार से जुड़ा नया नंबर detect हुआ है।,1,Hindi
आयकर विभाग: आपका रिफंड अटका हुआ है। विवरण अपडेट करें।,1,Hindi
आपके बैंक खाते की लिमिट 24 घंटे में लॉक हो जाएगी।,1,Hindi
पार्सल डिलीवरी असफल। verification पूरा करें।,1,Hindi
राशन कार्ड निलंबन रोकने के लिए पहचान सत्यापित करें।,1,Hindi
आपका scholarship form reject होने वाला है।,1,Hindi
PAN-Aadhaar linking असफल। पेनल्टी लागू होगी।,1,Hindi
आपके खाते में एक unauthorized device login detect हुआ है।,1,Hindi
"आपकी electricity meter reading गलत है, fine लगेगा।",1,Hindi
आपका mobile banking बंद होने वाला है।,1,Hindi
Netflix subscription आज expire हो रहा है। फिर से activate करें।,1,Hindi
आपका Amazon पैकेज रोक दिया गया है।,1,Hindi
आपकी loan EMI overdue है। तुरंत भुगतान करें।,1,Hindi
आपका DigiLocker suspend किया जाएगा।,1,Hindi
UPI fraud alert: आपका PIN leak हो चुका है।,1,Hindi
Google account लॉक किया जाएगा। verification आवश्यक।,1,Hindi
आपका IRCTC अकाउंट misuse हुआ है।,1,Hindi
आपका bank KYC invalid है। 6 घंटे में अपडेट करें।,1,Hindi
Credit score गिर रहा है। रिपोर्ट जांचें।,1,Hindi
आपके नाम पर नया SIM activate हुआ है।,1,Hindi
Paytm wallet बंद कर दिया जाएगा। KYC अपडेट करें।,1,Hindi
आपके mobile में virus पाया गया है।,1,Hindi
आपका bank account PAN से mismatched है।,1,Hindi
आपका courier गलत पते पर जा रहा है।,1,Hindi
आपकी insurance claim reject होने वाली है।,1,Hindi
आपका प्रमाणपत्र download error। पुनः लिंक खोलें।,1,Hindi
आपकी water bill payment overdue है।,1,Hindi
आपका bank password expire हो गया है।,1,Hindi
आधार biometric temporarily locked। unlock करें।,1,Hindi
आपका property tax overdue है। जुर्माना लगेगा।,1,Hindi
आपके PayPal account में suspicious activity है।,1,Hindi
आपकी flight booking pending है।,1,Hindi
आपका bank account freeze कर दिया जाएगा।,1,Hindi
आपके UPI पर daily limit reset हो चुकी है।,1,Hindi
"आपका ऑनलाइन फॉर्म reject हो गया है, details अपडेट करें।",1,Hindi
आपकी वोटर आईडी में त्रुटि है।,1,Hindi
आपकी job application incomplete दिखाई दे रही है।,1,Hindi
आपका eKYC invalid है। verify करें।,1,Hindi
आपकी bank cheque book request reject हो गई है।,1,Hindi
आपका COVID certificate expire हो गया है।,1,Hindi
आपका student portal ब्लॉक किया जाएगा।,1,Hindi
आपकी insurance details mismatch है।,1,Hindi
आपका online banking PIN reset आवश्यक है।,1,Hindi
आपकी gas subsidy रोक दी गई है।,1,Hindi
आपका LIC premium overdue है।,1,Hindi
आपका digital certificate corrupt है।,1,Hindi
आपका bank ATM PIN leak हो चुका है।,1,Hindi
आपका IRCTC wallet deactivate होने वाला है।,1,Hindi
आपका KYC document reject हो गया है।,1,Hindi
आपका income proof invalid है।,1,Hindi
आपका CIBIL score गलत दिख रहा है।,1,Hindi
आपकी payment gateway verification pending है।,1,Hindi
आपका debit card expire हो रहा है।,1,Hindi
आपके PF खाते में त्रुटि है।,1,Hindi
आपका IRCTC ID suspend किया गया है।,1,Hindi
आपकी digital signature invalid हो गई है।,1,Hindi
আজি ক্লাছ কিমান বেজাত আৰম্ভ হ'ব?,0,Assamese
কালিৰ প্ৰেজেন্টেচনটো খুব ভাল হৈছিল।,0,Assamese
"বিয়লি বাজারলৈ যাওঁ, কিবা লাগেনে?",0,Assamese
ঘৰ পালেহে মাতি জনাবা।,0,Assamese
পঢ়া-শুনা ঠিকেই চলিছে নেকি?,0,Assamese
ৰবিবাৰে সিনেমা চাবলৈ যাওঁ নেকি?,0,Assamese
আজি বতাহচাপ একেবাৰে ধুনীয়া।,0,Assamese
তোমাৰ বইখন টেবুলত ৰাখি দিছো।,0,Assamese
"লেপটপটো চার্জ দি লে, কালি কাম আছে।",0,Assamese
চপলা পৰা কিনিবলৈ যাবনে?,0,Assamese
ডকুমেন্টসমূহ প্ৰিন্ট কৰি থৈছো।,0,Assamese
খোৱা খাই নিলে নেকি?,0,Assamese
দহ মিনিটৰ ভিতৰতে আহি পৌঁছিম।,0,Assamese
আজি পৰীক্ষাটো কেনেকৈ হ'ল?,0,Assamese
তুমি পঠিয়াই দিয়া নোটবোৰে খুব সহায় কৰিলে।,0,Assamese
তোমাৰ ফ্লাইট কেতিয়া নামিব?,0,Assamese
কালি লাইব্ৰেৰীত যাবানে?,0,Assamese
মিটিং লিংকটো পঠিয়াই দিও।,0,Assamese
বিয়লি গৈ চমুতে কামটো কৰি দিম।,0,Assamese
ফোনটো অফ দেখুছিল।,0,Assamese
আজি ফ্রি নেকি?,0,Assamese
ফটোখন পঠিয়াই দিয়া।,0,Assamese
নতুন মোবাইলটো ল'লা নেকি?,0,Assamese
লাঞ্চ ব্রেকতে ফোন দিয়ো।,0,Assamese
প্ৰাক্টিক্যাল ভালেই হৈছে।,0,Assamese
ট্ৰেইন কিমান বেজাত?,0,Assamese
ফাইলটোৰ নাম সলনি কৰি দিয়া।,0,Assamese
নতুন এপিস'ডটো দেখিলা নেকি?,0,Assamese
কালিৰ বাবে অলপ আগতেই ওলাব লাগিব।,0,Assamese
গ্ৰুপত পঠিয়াই দিয়া অসমাইনমেন্টটো পৰি লিলা নেকি?,0,Assamese
তুমি দিয়া গানটো খুব ভাল লাগিল।,0,Assamese
মেইলটো চেক কৰি ল'ব।,0,Assamese
কালি জিমলৈ যাবানে?,0,Assamese
প্ৰজেক্টৰ ডাটাটো আপডেট কৰি দিছে।,0,Assamese
আজি অলপ আগতে ঘৰে যাব লাগিব।,0,Assamese
লেব ক'ট লৈ আহিব নাপাহৰিবা।,0,Assamese
বহুত ট্ৰেফিক আছিল।,0,Assamese
তোমাৰ ৰিজিউমটো খুব ভাল।,0,Assamese
এই কামটো কালি কৰিলেও চলিব নেকি?,0,Assamese
নতুন ছিডিউলটো আহিলেনে?,0,Assamese
ফ্রি হলে মেছেজ দিবা।,0,Assamese
অফিচত আছো।,0,Assamese
তোমাৰ নোটবোৰ খুব ক্লিয়াৰ।,0,Assamese
লিংকবোৰ সেভ কৰি থৈছো।,0,Assamese
"বহুত কাম আছে, বিয়লি কথা পাতিম।",0,Assamese
মিটিং অলপ পিছ হ'ব।,0,Assamese
পেনে টেবুলত ৰাখি দিছো।,0,Assamese
ইয়াত নেটৱৰ্ক খুব খাৰাপ।,0,Assamese
পানী খাই থাকিবা।,0,Assamese
দহ বেজাত দেখা কৰা চলিব নেকি?,0,Assamese
ডকুমেন্টবোৰ পৰি ল'বা।,0,Assamese
লেপটপটো ঠিক হৈছে নেকি?,0,Assamese
কেফেটেৰিয়াত আছো।,0,Assamese
লাঞ্চ খাই নিলে নেকি?,0,Assamese
ফোল্ডাৰটো আপডেট কৰি দিছো।,0,Assamese
আজি কলেজত ভিড় আছিল।,0,Assamese
ঘৰৰ পৰা কাম কৰিছো।,0,Assamese
নতুন আপডেটটো ইনষ্টল কৰিলে নেকি?,0,Assamese
আজি ছুটি নেকি?,0,Assamese
কালি প্ৰজেক্ট মিটিং আছে।,0,Assamese
আজি বহুত ব্যস্ত দিন।,0,Assamese
তোমাৰ অৱস্থা এতিয়া কেনেকৈ?,0,Assamese
বইখন পালে নেকি?,0,Assamese
লিংকটো খুলিছো।,0,Assamese
লেপটপ ৰিস্টাৰ্ট কৰি লোৱা।,0,Assamese
প্ৰিন্টাৰত কাগজ দিয়া।,0,Assamese
বিয়লিৰ পাৰ্ট খন কৰিম।,0,Assamese
হোমৱৰ্ক আজিকালি খুব ডাঙৰ।,0,Assamese
গ্ৰুপ ডিচছনটো ভালেই হ'ল।,0,Assamese
হাজিৰি দি দিছো।,0,Assamese
কালিৰ ভাইৱা নাপাহৰিবা।,0,Assamese
প্ৰজেক্টটো চমুকৈ ভাল লাগিছে।,0,Assamese
ফাইলটো আপলোড কৰিছো।,0,Assamese
লাইব্ৰেৰী বহুত খালী আছিল।,0,Assamese
নোটবোৰ লিখি ল'লোঁ।,0,Assamese
আপোনাৰ বেংক একাউণ্ট ব্লক কৰা হৈছে। তৎকাল সত্যাপন কৰক।,1,Assamese
"আপুনি ₹30,000 জিকিছে! তৎকাল দাবী কৰক।",1,Assamese
UPI KYC অসম্পূৰ্ণ। ৩০ মিনিটৰ ভিতৰত আপডেট নকৰিলে বন্ধ হ'ব।,1,Assamese
অচিনাক্ত লগিন চেষ্টা পোৱা গৈছে। আপোনাৰ একাউণ্ট সুৰক্ষিত কৰক।,1,Assamese
PAN তথ্য ভুল। অবিলম্বে সংশোধন কৰক।,1,Assamese
পাৰীচেল ৰখাই ৰখা হৈছে। ফী জমা নকৰিলে ডেলিভাৰী নহ'ব।,1,Assamese
Aadhaar ভেৰিফিকেশন অসম্পূৰ্ণ।,1,Assamese
আপোনাৰ বেংকত সন্দেহজনক লেনদেন।,1,Assamese
বিদ্যুত বিল বাকি। ছাৰ্ভিচ বন্ধ কৰিব লাগিব।,1,Assamese
SIM KYC আজিহে সম্পূৰ্ণ কৰক।,1,Assamese
আপোনাৰ Netflix একাউণ্ট বাতিল হ'ব। পুনৰ সক্ৰিয় কৰক।,1,Assamese
Facebook একাউণ্টত ব্লক দেখা গৈছে।,1,Assamese
আপোনাৰ WhatsApp Backup নষ্ট। তৎকাল Fix কৰক।,1,Assamese
Google Photos পূৰ্ণ। খালী কৰিবলৈ লগিন কৰক।,1,Assamese
Income Tax Refund ৰ বাবে তথ্য যাচাই কৰক।,1,Assamese
আপোনাৰ ATM Card Block। PIN প্ৰমাণীকৰণ কৰক।,1,Assamese
Cylinder বুকিং ৰ Payment Pending।,1,Assamese
IRCTC একাউণ্ট Verify কৰক।,1,Assamese
আপোনাৰ Courier address ভুল। ঠিক কৰক।,1,Assamese
আপুনি জরিমানাৰ নোটিছ পাইছা। পৰিশোধ কৰক।,1,Assamese
UPI PIN Reset অনুৰোধ পোৱা গৈছে।,1,Assamese
Mobile Banking লগিন বাধা। পুনৰ সক্ৰিয় কৰক।,1,Assamese
আপোনাৰ eKYC ৰ সময় শেষ।,1,Assamese
Credit Card payment Pending।,1,Assamese
অচিনাক্ত ডিভাইচত লগিন। অবিলম্বে সাইন-আউট কৰক।,1,Assamese
Loan Approval ৰ বাবে তথ্য যাচাই কৰক।,1,Assamese
Amazon Package Custom Charge।,1,Assamese
Fastag Recharge Pending।,1,Assamese
আপোনাৰ Recharge বাতিল হ'ব।,1,Assamese
Paytm Wallet Freeze। এখনেই Verify কৰক।,1,Assamese
Bank Document Missing। Upload কৰক।,1,Assamese
Your Device Infected! Scan Now.,1,Assamese
Ration Card বাতিল হ'ব। তথ্য চাওক।,1,Assamese
Voting ID অসম্পূৰ্ণ। আপডেট কৰক।,1,Assamese
Insurance Renewal Pending।,1,Assamese
Telegram OTP Leak চেষ্টা। সুৰক্ষাৰ বাবে লগিন কৰক।,1,Assamese
Hotstar Subscription শেষ হ'ব।,1,Assamese
Spotify একাউণ্ট Validate কৰক।,1,Assamese
আপুনি Gift Voucher জিকিছে!,1,Assamese
Google Pay বন্ধ হ'ব। Verify Now.,1,Assamese
Bank Locker OTP Verification Required.,1,Assamese
আপোনাৰ Card Expire হ'বলগীয়া।,1,Assamese
PAN-Aadhaar link অসম্পূৰ্ণ।,1,Assamese
Income Tax Audit Alert.,1,Assamese
IRCTC Refund Processing। তথ্য দিয়ক।,1,Assamese
Electric Meter Verification Required.,1,Assamese
School Fee Pending।,1,Assamese
আপোনাৰ Cloud Storage পূর্ণ।,1,Assamese
Bank Passbook Verification।,1,Assamese
আপোনাৰ UPI Block হ'বলগীয়া।,1,Assamese
কাষ্টমাৰ কেয়াৰ: Fraud attempt detected.,1,Assamese
Device Backup Failed। Restore Now.,1,Assamese
আপুনি GST Refund পাব।,1,Assamese
Password Expire হ’ব। Reset কৰক।,1,Assamese
আপোনাৰ Mailbox Block। Upgrade Now.,1,Assamese
Photo Storage Corrupt। Fix Now.,1,Assamese
eCommerce Order Payment Failed।,1,Assamese
আপোনাৰ Bank EMI Pending।,1,Assamese
Your Job Application Cancelled। Verify.,1,Assamese
আপুনি Free Data জিকিছে!,1,Assamese
আজ ক্লাস কখন শুরু হবে?,0,Bengali
তোমার প্রেজেন্টেশনটা দারুণ হয়েছে!,0,Bengali
"বাজারে যাচ্ছি, কিছু লাগবে?",0,Bengali
বাড়ি পৌঁছালে জানিও।,0,Bengali
পড়াশোনা কেমন চলছে?,0,Bengali
রবিবার সিনেমা দেখতে যাবে?,0,Bengali
আজ আবহাওয়া খুব সুন্দর।,0,Bengali
তোমার বইটা টেবিলে রেখে দিয়েছি।,0,Bengali
ল্যাপটপটা একটু চার্জ দিও।,0,Bengali
কিছু দরকার হলে আমাকে জানিও।,0,Bengali
ডকুমেন্টগুলো প্রিন্ট করে রেখেছি।,0,Bengali
তুমি খেয়ে নিয়েছ?,0,Bengali
আমি ১০ মিনিটের মধ্যে পৌঁছে যাব।,0,Bengali
আজকের পরীক্ষা ঠিকঠাকই হয়েছে।,0,Bengali
তুমি পাঠানো নোটগুলো খুব সাহায্য করেছে।,0,Bengali
ফ্লাইট কখন নামবে?,0,Bengali
আগামীকাল লাইব্রেরি যাবে?,0,Bengali
মিটিং লিংকটা পাঠিয়ে দিও।,0,Bengali
আমি সন্ধ্যার মধ্যে কাজ শেষ করবো।,0,Bengali
ফোনে নেটওয়ার্ক পাচ্ছি না।,0,Bengali
আজ তুমি ফ্রি আছো?,0,Bengali
ছবিটা পাঠিয়ে দাও।,0,Bengali
নতুন ফোনটা কেমন?,0,Bengali
লাঞ্চ ব্রেকের সময় কল দিও।,0,Bengali
আজ আমাদের প্র্যাকটিক্যাল ভালো হয়েছে।,0,Bengali
ট্রেন কখন ছাড়বে?,0,Bengali
ফাইলটার নাম বদলে দিও।,0,Bengali
নতুন এপিসোডটা দেখেছ?,0,Bengali
আগামীকাল একটু আগে বের হতে হবে।,0,Bengali
"গ্রুপে যা পাঠানো হয়েছে, দেখে নিয়েছ?",0,Bengali
তুমি পাঠানো গানটা খুব ভালো লেগেছে।,0,Bengali
মেইলটা দেখবে?,0,Bengali
আগামীকাল জিমে যাবে?,0,Bengali
প্রজেক্ট ডেটা আপডেট করে রেখেছি।,0,Bengali
আজ একটু আগে বাড়ি ফিরবো।,0,Bengali
ল্যাব কোট আনতে ভুলোনা।,0,Bengali
আজ রাস্তায় খুব ভিড় ছিল।,0,Bengali
তোমার সিভিটা খুব ভালো হয়েছে।,0,Bengali
এই কাজটা কাল করলেও চলবে?,0,Bengali
নতুন শিডিউল এসেছে?,0,Bengali
ফ্রি হলে মেসেজ দিও।,0,Bengali
আমি এখন অফিসে আছি।,0,Bengali
তোমার নোটগুলো খুব পরিষ্কার।,0,Bengali
লিংকগুলো আমি সেভ করে রেখেছি।,0,Bengali
"আজ অনেক কাজ আছে, পরে কথা বলবো।",0,Bengali
মিটিংটা একটু দেরি হবে।,0,Bengali
তোমার কলমটা টেবিলে রেখেছি।,0,Bengali
ইন্টারনেট খুব স্লো চলছে।,0,Bengali
জল খেয়ে নিও।,0,Bengali
চলো সন্ধ্যায় দেখা করি।,0,Bengali
ডকুমেন্টগুলো পড়ে নিও।,0,Bengali
ল্যাপটপ ঠিক হয়েছে?,0,Bengali
আমি ক্যান্টিনে আছি।,0,Bengali
লাঞ্চ করে নিয়েছ?,0,Bengali
ফোল্ডারটা আপডেট করেছি।,0,Bengali
আজ কলেজে অনেক ভিড় ছিল।,0,Bengali
আজ আমি বাড়ি থেকে কাজ করছি।,0,Bengali
তুমি নতুন আপডেট ইনস্টল করেছ?,0,Bengali
আজ কি ছুটি?,0,Bengali
আগামীকাল প্রজেক্ট মিটিং আছে।,0,Bengali
আজ খুবই ব্যস্ত একটা দিন।,0,Bengali
তোমার শরীর এখন কেমন?,0,Bengali
বইটা পেয়ে গেছ?,0,Bengali
লিংকটা খুলেছি।,0,Bengali
ল্যাপটপ রিস্টার্ট করে নিও।,0,Bengali
প্রিন্টারে কাগজ দিও।,0,Bengali
আজ রাতে পড়বো।,0,Bengali
হোমওয়ার্কটা একটু বেশি।,0,Bengali
গ্রুপ ডিসকাশন ভালো হয়েছে।,0,Bengali
উপস্থিতি দিয়ে দিয়েছি।,0,Bengali
"আগামীকাল ভাইভা আছে, ভুলে যেও না।",0,Bengali
তোমার প্রজেক্টটা সত্যিই ভালো।,0,Bengali
ফাইলটা আপলোড করছি।,0,Bengali
লাইব্রেরি আজ ফাঁকা ছিল।,0,Bengali
সব নোট লিখে ফেলেছি।,0,Bengali
সন্ধ্যায় একটু হাঁটতে যাবো।,0,Bengali
আপনার ব্যাংক অ্যাকাউন্ট সাসপেন্ড করা হয়েছে। তাৎক্ষণিক ভেরিফাই করুন।,1,Bengali
"আপনি ₹৫০,০০০ জিতেছেন! এখনই ক্লেইম করুন।",1,Bengali
আপনার UPI ব্লক হয়ে যাবে। ১৫ মিনিটের মধ্যে KYC আপডেট করুন।,1,Bengali
আপনার অ্যাকাউন্টে সন্দেহজনক লগইন হয়েছে। নিরাপত্তা নিশ্চিত করুন।,1,Bengali
PAN কার্ড ভুল পাওয়া গেছে। পুনরায় অ্যাক্টিভ করুন।,1,Bengali
ইন্ডিয়া পোস্ট: আপনার পার্সেল আটকে আছে। ফি পরিশোধ করুন।,1,Bengali
আপনার আধার তথ্য মেয়াদোত্তীর্ণ। তাৎক্ষণিক আপডেট প্রয়োজন।,1,Bengali
আপনার বিদ্যুৎ বিল জমা হয়নি। সংযোগ বিচ্ছিন্ন হতে পারে।,1,Bengali
SIM KYC অসম্পূর্ণ। সিম ব্লক হয়ে যাবে।,1,Bengali
"আপনার অ্যাকাউন্ট থেকে ₹২৫,০০০ ট্রান্সফার হয়েছে। যাচাই করুন।",1,Bengali
আপনার Netflix সাবস্ক্রিপশন বন্ধ হয়ে যাবে। এখনই পেমেন্ট করুন।,1,Bengali
আপনি নতুন ক্রেডিট কার্ডের জন্য যোগ্য! আবেদন করতে ক্লিক করুন।,1,Bengali
"₹৭৫,০০০ ব্যক্তিগত লোন ০% সুদে। এখনই আবেদন করুন।",1,Bengali
আপনার ফেসবুক অ্যাকাউন্ট স্থগিত করা হয়েছে। পুনরায় চালু করুন।,1,Bengali
আপনার Instagram-এ কপিরাইট ভায়োলেশন হয়েছে। নিশ্চিত করুন।,1,Bengali
ডেলিভারি চার্জ বাকি আছে। অর্ডার রিলিজ করতে পেমেন্ট করুন।,1,Bengali
আপনার OTT সাবস্ক্রিপশন মেয়াদোত্তীর্ণ। নবায়ন করুন।,1,Bengali
আপনার DigiLocker ব্লক করা হবে। পরিচয় যাচাই করুন।,1,Bengali
₹১ লাখ পর্যন্ত ফ্রি ক্রিপ্টো অফার! এখনই রেজিস্টার করুন।,1,Bengali
আপনার FASTag ব্ল্যাকলিস্টেড। পুনরায় এক্টিভ করতে ক্লিক করুন।,1,Bengali
আপনার ATM কার্ড আজ রাতেই ব্লক হবে। যাচাই করুন।,1,Bengali
Google Photos স্টোরেজ পূর্ণ। লগইন করে খালি করুন।,1,Bengali
আপনার ইনকাম ট্যাক্স রিফান্ড পাওয়া যাচ্ছে। তথ্য যাচাই করুন।,1,Bengali
নতুন ডিভাইস থেকে লগইন হয়েছে। চেক করুন।,1,Bengali
আপনার কার্ডের PIN ভুল। ঠিক করতে ক্লিক করুন।,1,Bengali
গ্যাস বুকিং পেমেন্ট ব্যর্থ হয়েছে। পুনরায় করুন।,1,Bengali
IRCTC KYC আপডেট করুন। না হলে অ্যাকাউন্ট লক হবে।,1,Bengali
আপনার ঠিকানা ভুল পাওয়া গেছে। ঠিক করুন।,1,Bengali
আপনার নামে কোর্ট নোটিশ আছে। দেখে নিন।,1,Bengali
আপনার UPI PIN রিসেট অনুরোধ এসেছে।,1,Bengali
মোবাইল ব্যাংকিং নিষ্ক্রিয় হবে। ভেরিফাই করুন।,1,Bengali
eKYC মেয়াদ শেষ। আপডেট করুন।,1,Bengali
ক্রেডিট কার্ড পেমেন্ট বাকি আছে।,1,Bengali
অচেনা ডিভাইস থেকে OTP ব্যবহৃত হয়েছে।,1,Bengali
লোন অ্যাপ্রুভালের জন্য তথ্য দিন।,1,Bengali
Amazon প্যাকেজে অতিরিক্ত চার্জ।,1,Bengali
FASTag Recharge Pending।,1,Bengali
মোবাইল রিচার্জ বাতিল হবে।,1,Bengali
PayWallet ফ্রিজ করা হয়েছে। যাচাই করুন।,1,Bengali
ব্যাংকের ডকুমেন্টস মিসিং। আপলোড করুন।,1,Bengali
আপনার ডিভাইসে ভাইরাস পাওয়া গেছে! স্ক্যান করুন।,1,Bengali
রেশন কার্ড নিষ্ক্রিয় হবে।,1,Bengali
ভোটার আইডি ভুল পাওয়া গেছে। ঠিক করুন।,1,Bengali
ইনস্যুরেন্স পলিসি আজই শেষ। নবায়ন করুন।,1,Bengali
Telegram OTP লিক হয়েছে। সিকিউর করুন।,1,Bengali
Hotstar সাবস্ক্রিপশন বন্ধ হবে।,1,Bengali
Spotify অ্যাকাউন্ট ভেরিফাই করুন।,1,Bengali
ফ্রি গিফট ভাউচার জিতেছেন!,1,Bengali
Google Pay ব্লক হতে যাচ্ছে। যাচাই করুন।,1,Bengali
ব্যাংক লকার ভেরিফিকেশন প্রয়োজন।,1,Bengali
আপনার কার্ড শীঘ্রই এক্সপায়ার হবে। আপডেট করুন।,1,Bengali
PAN–Aadhaar লিঙ্ক অসম্পূর্ণ।,1,Bengali
ইনকাম ট্যাক্স অডিট অ্যালার্ট।,1,Bengali
আপনার IRCTC রিফান্ড আটকে আছে।,1,Bengali
ইলেকট্রিক মিটার ভেরিফিকেশন প্রয়োজন।,1,Bengali
স্কুল ফি পেমেন্ট বাকি।,1,Bengali
Cloud Storage পূর্ণ হয়েছে।,1,Bengali
ব্যাংক পাসবুক ভেরিফাই করুন।,1,Bengali
আপনার UPI আজই ব্লক হবে!,1,Bengali
ফ্রড হেল্প ডেস্ক: আপনার নামে প্রতারণা চেষ্টা।,1,Bengali
ಇವತ್ತಿನ ಕ್ಲಾಸ್ ಎಷ್ಟು ಗಂಟೆಗೆ ಆರಂಭವಾಗುತ್ತೆ?,0,Kannada
ನಿನ್ನೆ ನಿನ್ನ ಪ್ರೆಸೆಂಟೇಶನ್ ತುಂಬಾ ಚೆನ್ನಾಗಿತ್ತು.,0,Kannada
"ಸಂಜೆ ಮಾರ್ಕೆಟ್‌ಗೆ ಹೋಗ್ತಿದ್ದೀನಿ, ಏನಾದ್ರೂ ಬೇಕಾ?",0,Kannada
ಮನಗೆ ತಲುಪಿದ್ಮೇಲೆ ಖಂಡಿತಾ ಮೆಸೇಜ್ ಮಾಡು.,0,Kannada
ಓದೋದು ಸರಿಯಾಗಿ ನಡೆಯ್ತಿದೆಯಾ?,0,Kannada
ಭಾನುವಾರ ಮೂವಿ ನೋಡೋಕೆ ಹೋಗೋಣವೆ?,0,Kannada
ಇವತ್ತು ಹವಾಮಾನ ನಿಜಕ್ಕೂ ಸುಂದರವಾಗಿದೆ.,0,Kannada
ನಿನ್ನ ಪುಸ್ತಕ ಟೇಬಲ್ ಮೇಲೆ ಇಟ್ಟು ಬರ್ದಿದೀನಿ.,0,Kannada
"ಲ್ಯಾಪ್‌ಟಾಪ್ ಚಾರ್ಜ್ ಮಾಡಿಕೋ, ನಾಳೆ ಕೆಲಸ ಇದೆ.",0,Kannada
ಚಪ್ಪಲಿ ಖರೀದಿ ಮಾಡಲು ಹೋಗೋಣವೆ?,0,Kannada
ಡಾಕ್ಯುಮೆಂಟ್‌ಗಳನ್ನು ಪ್ರಿಂಟ್ ಮಾಡಿ ರೆಡಿ ಮಾಡಿದ್ದೀನಿ.,0,Kannada
ಊಟ ಮಾಡಿದ್ದೀಯಾ?,0,Kannada
ಹತ್ತು ನಿಮಿಷದಲ್ಲಿ ತಲುಪುತ್ತೀನಿ.,0,Kannada
ಇವತ್ತಿನ ಪರೀಕ್ಷೆ ಹೇಗಾಯ್ತು?,0,Kannada
ನೀನು ಕಳಿಸಿದ ನೋಟ್ಸ್ ತುಂಬಾ ಉಪಯುಕ್ತವಾಯ್ತು.,0,Kannada
ನಿನ್ನ ಫ್ಲೈಟ್ ಯಾವಾಗ ಲ್ಯಾಂಡ್ ಆಗುತ್ತೆ?,0,Kannada
ನಾಳೆ ಲೈಬ್ರರಿಗೇ ಹೋಗೋಣವೆ?,0,Kannada
ಮೀಟಿಂಗ್ ಲಿಂಕ್ ಕಳಿಸು.,0,Kannada
ಸಂಜೆ ಹೋಗಿ ಕೆಲಸ ಮುಗಿಸ್ತೀನಿ.,0,Kannada
ನಿನ್ನ ಫೋನ್ ಸ್ವಿಚ್ ಆಫ್ ಆಗಿತ್ತು.,0,Kannada
ಇವತ್ತು ಫ್ರೀ ಇದೀಯಾ?,0,Kannada
ಫೋಟೋ ಕಳಿಸು.,0,Kannada
ಹೊಸ ಮೊಬೈಲ್ ತೆಗೆದುಕೊಂಡೇ?,0,Kannada
ಲಂಚ್ ಬ್ರೇಕ್‌ನಲ್ಲಿ ಕಾಲ್ ಮಾಡು.,0,Kannada
ಪ್ರಾಕ್ಟಿಕಲ್ ಚೆನ್ನಾಗಿ ಆಯ್ತು.,0,Kannada
ಟ್ರೇನ್ ಎಷ್ಟು ಗಂಟೆಗೆ?,0,Kannada
ಫೈಲ್ ಹೆಸರನ್ನು ಬದಲಾಯಿಸು.,0,Kannada
ಹೊಸ ಎಪಿಸೋಡ್ ನೋಡಿದ್ದಿಯಾ?,0,Kannada
ನಾಳೆ ಸ್ವಲ್ಪ ಬೇಗ ಹೊರಡಬೇಕು.,0,Kannada
ಗ್ರೂಪ್‌ನಲ್ಲಿ ಕಳಿಸಿದ ಅಸೈನ್‌ಮೆಂಟ್ ನೋಡಿದ್ದಿಯಾ?,0,Kannada
ನೀನು ಕಳಿಸಿದ ಹಾಡು ತುಂಬಾ ಚೆನ್ನಾಗಿದೆ.,0,Kannada
ಮೇಲ್ ಚೆಕ್ ಮಾಡ್ತೀನಿ.,0,Kannada
ನಾಳೆ ಜಿಮ್ಗೆ ಹೋಗೋಣವಾ?,0,Kannada
ಪ್ರಾಜೆಕ್ಟ್ ಡೇಟಾ ಅಪ್‌ಡೇಟ್ ಮಾಡಿದ್ದೀನಿ.,0,Kannada
ಇವತ್ತು ಸ್ವಲ್ಪ ಬೇಗ ಮನಗೆ ಹೋಗಬೇಕು.,0,Kannada
ಲ್ಯಾಬ್ ಕೋಟ್ ತರುವುದನ್ನು ಮರ್ತೆ ಬೇಡ.,0,Kannada
ಬಿರಿ ಟ್ರಾಫಿಕ್ ಇತ್ತು.,0,Kannada
ನಿನ್ನ ರೆಸ್ಯೂಮ್ ತುಂಬಾ ಚೆನ್ನಾಗಿದೆ.,0,Kannada
ಈ ಕೆಲಸ ನಾಳೆ ಮಾಡಿದ್ರೂ ಪರವಿಲ್ಲವಾ?,0,Kannada
ಹೊಸ ಶೆಡ್ಯೂಲ್ ಬಂದಿದೆನಾ?,0,Kannada
ಫ್ರೀ ಆದ್ಮೇಲೆ ಮೆಸೇಜ್ ಮಾಡು.,0,Kannada
ಆಫೀಸಲ್ಲಿ ಇದ್ದೀನಿ.,0,Kannada
ನಿನ್ನ ನೋಟ್ಸ್ ತುಂಬಾ ಸ್ಪಷ್ಟವಾಗಿವೆ.,0,Kannada
ಲಿಂಕ್‌ಗಳನ್ನು ಸೇವ್ ಮಾಡಿದ್ದೀನಿ.,0,Kannada
"ತುಂಬಾ ಕೆಲಸ ಇದೆ, ಸಂಜೆ ಮಾತಾಡೋಣ.",0,Kannada
ಮೀಟಿಂಗ್ ಸ್ವಲ್ಪ ಲೇಟ್ ಆಗುತ್ತದೆ.,0,Kannada
ಪೆನ್ ಟೇಬಲ್ ಮೇಲೆ ಇಡಿದ್ದೀನಿ.,0,Kannada
ಇಲ್ಲಿ ನೆಟ್‌ವರ್ಕ್ ತುಂಬಾ ಕಡಿಮೆ ಇದೆ.,0,Kannada
ನೀರು ಕುಡಿಯೋದು ಮರ್ತಬೇಡಿ.,0,Kannada
ಹತ್ತು ಗಂಟೆಗೆ ಭೇಟಿ ಆಗೋಣವೇ?,0,Kannada
ಡಾಕ್ಯುಮೆಂಟ್ ಚೆಕ್ ಮಾಡು.,0,Kannada
ಲ್ಯಾಪ್‌ಟಾಪ್ ಒಪ್ಪಂದದಿಂದ ಕೆಲಸ ಮಾಡ್ತಿದೆಯಾ?,0,Kannada
ಕ್ಯಾಫೆಟೇರಿಯಾಕ್ಕೆ ಬಂದಿದ್ದೀನಿ.,0,Kannada
ಲಂಚ್ ಮಾಡಿದ್ದಿಯಾ?,0,Kannada
ಫೋಲ್ಡರ್ ಅಪ್‌ಡೇಟ್ ಮಾಡಿದೆ.,0,Kannada
ಇವತ್ತು ಕಾಲೇಜಿನಲ್ಲಿ ತುಂಬಾ ಜಾಸ್ತಿ ಜನರು.,0,Kannada
ಇವತ್ತು work from home.,0,Kannada
ಹೊಸ ಅಪ್‌ಡೇಟ್ ಇನ್‌ಸ್ಟಾಲ್ ಮಾಡಿದ್ದೀಯಾ?,0,Kannada
ಇವತ್ತು ಹಾಲಿಡೇನಾ?,0,Kannada
ನಾಳೆ ಪ್ರಾಜೆಕ್ಟ್ ಮೀಟಿಂಗ್ ಇದೆ.,0,Kannada
ಇವತ್ತು ದಿನ ತುಂಬಾ ಬ್ಯುಸಿ ಆಗಿತ್ತು.,0,Kannada
ನಿನ್ನ ಹೆಲ್ತ್ ಹೇಗಿದೆ ಈಗ?,0,Kannada
ಪುಸ್ತಕ ಸಿಗ್ತಾಯಿತಾ?,0,Kannada
ಲಿಂಕ್ ಓಪನ್ ಮಾಡಿದೆ.,0,Kannada
ಲ್ಯಾಪ್‌ಟಾಪ್‌ನ್ನು ರೀಸ್ಟಾರ್ಟ್ ಮಾಡಿ ನೋಡೋ.,0,Kannada
ಪ್ರಿಂಟರ್‌ಗೆ ಪೇಪರ್ ಹಾಕು.,0,Kannada
ಸಂಜೆಯ ಭಾಗ ನಾನು ಮಾಡಿ ಕೊಡ್ತೀನಿ.,0,Kannada
ಹೋಂವರ್ಕ್ ಇತ್ತಿಚೆಗೆ ತುಂಬಾ ಹೆಚ್ಚು.,0,Kannada
ಗ್ರೂಪ್ ಡಿಸ್ಕಷನ್ ಚೆನ್ನಾಗಿ ಆಯ್ತು.,0,Kannada
ಅಟೆಂಡನ್ಸ್ ಹಾಕಿದ್ದೀನಿ.,0,Kannada
ನಾಳೆ ವೈವಾ ಮರ್ತಬೇಡಿ.,0,Kannada
ಪ್ರಾಜೆಕ್ಟ್ ನೋಡಲು ತುಂಬಾ ಚೆನ್ನಾಗಿದೆ.,0,Kannada
ಫೈಲ್ ಅಪ್‌ಲೋಡ್ ಮಾಡ್ತಿದ್ದೀನಿ.,0,Kannada
ಲೈಬ್ರರಿ ಖಾಲಿಯಾಗಿತ್ತು.,0,Kannada
ನೋಟ್ಸ್ ಬರೆದುಕೊಂಡೆ.,0,Kannada
ನಿಮ್ಮ ಬ್ಯಾಂಕ್ ಖಾತೆ ಬ್ಲಾಕ್ ಆಗಿದೆ. ತಕ್ಷಣ ಪರಿಶೀಲಿಸಿ.,1,Kannada
"ನೀವು ₹25,000 ಗೆದ್ದಿದ್ದೀರಿ! ಈಗಲೇ ಪಡೆಯಿರಿ.",1,Kannada
ನಿಮ್ಮ UPI ಸ್ಥಗಿತವಾಗಲಿದೆ. 30 ನಿಮಿಷದಲ್ಲಿ KYC ಪೂರ್ಣಗೊಳಿಸಿ.,1,Kannada
ನಿಮ್ಮ ಖಾತೆಯಲ್ಲಿ ಅನುಮಾನಾಸ್ಪದ ಲಾಗಿನ್ ಕಂಡುಬಂದಿದೆ.,1,Kannada
PAN ಕಾರ್ಡ್ ತಪ್ಪಾಗಿದೆ. ಮತ್ತೆ ಸಕ್ರಿಯಗೊಳಿಸಿ.,1,Kannada
ಪಾರ್ಸೆಲ್ ತಡೆಹಿಡಿದಿದೆ. ಫೀ ಪಾವತಿಸಿ.,1,Kannada
Aadhaar ಅಪ್‌ಡೇಟ್ ಅಗತ್ಯ. ತಕ್ಷಣ ಮಾಡಿ.,1,Kannada
ವಿದ್ಯುತ್ ಬಿಲ್ ಬಾಕಿ ಇದೆ. ಸೇವೆ ಕಡಿತವಾಗುತ್ತದೆ.,1,Kannada
SIM ಕಾರ್ಡ್ KYC ಪೂರ್ಣವಾಗಿಲ್ಲ.,1,Kannada
இன்று கிளாஸ் எத்தனை மணிக்கு ஆரம்பம்?,0,Tamil
நீ வீட்டுக்கு பாதுகாப்பாக சென்று சேர்ந்தாயா?,0,Tamil
நாளைக்கு எக்ஸாம் ரெடியாக இருக்கியா?,0,Tamil
சாயங்காலம் கிரிக்கெட் விளையாடலாமா?,0,Tamil
"அம்மா அழைத்தாங்க, பேசிட்டு போ.",0,Tamil
இன்று மழை வரப் போல இருக்கு.,0,Tamil
உன் பிரெசென்டேஷன் ரொம்ப நல்லா இருந்தது.,0,Tamil
மதிய உணவு சாப்பிட்டாயா?,0,Tamil
நான் இப்போ பஸ் ஸ்டாண்ட்ல இருக்கேன்.,0,Tamil
நாளைக்கு சந்திப்போமா?,0,Tamil
வீடு வந்ததும் மெசேஜ் பண்ணு.,0,Tamil
உன் ஹோம்வொர்க் முடிச்சுட்டியா?,0,Tamil
இன்று ஆபீஸ்ல ரொம்ப வேலை.,0,Tamil
உன் பிறந்தநாள் பார்ட்டி எங்கே?,0,Tamil
"கால் பண்ணு, பேசணும்.",0,Tamil
சனிக்கிழமை படம் பார்க்கலாமா?,0,Tamil
"நான் மெயில் அனுப்பிட்டேன், பார்த்துக்கோ.",0,Tamil
இன்று டிராஃபிக் அதிகமா இருந்தது.,0,Tamil
உன் நோட்ஸ் ரொம்ப உதவிச்சு.,0,Tamil
நாளைக்கு லைப்ரரிக்கு போவோமா?,0,Tamil
மீட்டிங் லிங்க் அனுப்பு.,0,Tamil
நான் அசைன்மெண்ட் முடிச்சுட்டேன்.,0,Tamil
உன் போன் சுவிட்ச் ஆஃப் இருக்கு.,0,Tamil
இன்று நீ ஃப்ரீயா?,0,Tamil
அந்த போட்டோ அனுப்பு.,0,Tamil
நீ புதிய மொபைல் வாங்கினியா?,0,Tamil
லஞ்ச் பிரேக்கில் கால் பண்ணு.,0,Tamil
என் டெஸ்ட் நல்லா போச்சு.,0,Tamil
உன் ரயில் எத்தனை மணிக்கு?,0,Tamil
அந்த ஃபைல் ரீநேம் பண்ணு.,0,Tamil
புதிய எபிசோட் பார்த்தியா?,0,Tamil
நாளைக்கு சீக்கிரம் கிளம்பணும்.,0,Tamil
குரூப்பில் வந்த அசைன்மெண்ட் பார்த்தியா?,0,Tamil
நீ அனுப்பிய பாடல் ரொம்ப நல்லா இருக்கு.,0,Tamil
நான் டேட்டா அப்டேட் பண்ணிட்டேன்.,0,Tamil
இன்று வீட்டுக்கு சீக்கிரம் போவேன்.,0,Tamil
லேப் கோட் கொண்டு வர மறந்துடாதே.,0,Tamil
இங்கு நெட்வொர்க் ரொம்ப ஸ்லோ.,0,Tamil
உன் ரெஸ்யூமே நல்லா இருக்கு.,0,Tamil
இந்த டாஸ்க் நாளைக்கு செய்யலாமா?,0,Tamil
புதிய ஸ்கெஜ்யூல் வந்துச்சா?,0,Tamil
ஃப்ரீ ஆனதும் மெசேஜ் பண்ணு.,0,Tamil
நான் ஆபீஸ்ல இருக்கேன்.,0,Tamil
உன் நோட்ஸ் ரொம்ப கிளியர்.,0,Tamil
லிங்க்ஸ் எல்லாம் சேவ் பண்ணிட்டேன்.,0,Tamil
மீட்டிங் 5 நிமிஷம் லேட்.,0,Tamil
நான் உன் பேனா மேசையில் வைத்தேன்.,0,Tamil
இங்கு சிக்னல் குறைவு.,0,Tamil
தண்ணீர் குடிக்க மறந்துடாதே.,0,Tamil
10 மணிக்கு சந்திப்போமா?,0,Tamil
டாக்யுமென்ட்ஸ் படிச்சுட்டியா?,0,Tamil
உன் லேப்டாப் சரியா இருக்கு?,0,Tamil
நான் கேன்டீன்ல இருக்கேன்.,0,Tamil
லஞ்ச் முடிச்சுட்டியா?,0,Tamil
ஃபோல்டர் அப்டேட் பண்ணிட்டேன்.,0,Tamil
நேத்து காலேஜ் ரொம்ப கூட்டம்.,0,Tamil
நான் வீட்டிலிருந்து வேலை பண்ணுறேன்.,0,Tamil
அப்டேட் இன்ஸ்டால் பண்ணினியா?,0,Tamil
இன்று ஹாலிடே ஆ?,0,Tamil
நாளைக்கு பிராஜெக்ட் மீட்டிங் இருக்கு.,0,Tamil
இன்று ரொம்ப சோர்வா இருக்கு.,0,Tamil
உன் உடம்பு இப்போ எப்படி?,0,Tamil
புத்தகம் கிடைச்சுதா?,0,Tamil
லேப்டாப் ரீஸ்டார்ட் பண்ணு.,0,Tamil
பிரிண்டரில் பேப்பர் போடு.,0,Tamil
இன்று இரவு படிக்கணும்.,0,Tamil
ஹோம்வொர்க் ரொம்ப நீளமா இருக்கு.,0,Tamil
குரூப் டிஸ்கஷன் நல்லா போச்சு.,0,Tamil
நாளைக்கு வைவே இருக்கு மறந்துடாதே.,0,Tamil
உன் பிராஜெக்ட் ரொம்ப நல்லா இருக்கு.,0,Tamil
நான் ஃபைல் அப்லோடு பண்ணுறேன்.,0,Tamil
லைப்ரரி இன்று அமைதியா இருந்தது.,0,Tamil
எல்லாம் நோட் பண்ணிட்டேன்.,0,Tamil
உங்கள் வங்கி கணக்கு தற்காலிகமாக முடக்கப்பட்டுள்ளது. உடனே சரிபார்க்கவும்.,1,Tamil
"நீங்கள் ₹50,000 பரிசு வென்றுள்ளீர்கள்! உடனே பெற கிளிக் செய்யவும்.",1,Tamil
உங்கள் UPI சேவை நிறுத்தப்படும். 30 நிமிடத்தில் KYC அப்டேட் செய்யவும்.,1,Tamil
உங்கள் ATM கார்டு பிளாக் செய்யப்பட்டுள்ளது. மீண்டும் செயல்படுத்த இங்கே கிளிக் செய்யவும்.,1,Tamil
உங்கள் PAN விவரங்கள் தவறாக உள்ளன. உடனே புதுப்பிக்கவும்.,1,Tamil
"Income Tax ரிஃபண்ட் ₹12,450 தயாராக உள்ளது. உடனே கிளிக் செய்யவும்.",1,Tamil
உங்கள் WhatsApp கணக்கு நிறுத்தப்படும். உடனே சரிபார்க்கவும்.,1,Tamil
SIM கார்டு தடை செய்யப்படும். உடனே KYC செய்யவும்.,1,Tamil
உங்கள் வங்கி OTP பகிரவில்லை என்றால் கணக்கு முடக்கப்படும்.,1,Tamil
Amazon லக்கி டிராவில் தேர்வு செய்யப்பட்டுள்ளீர்கள். பரிசு பெற இங்கே கிளிக் செய்யவும்.,1,Tamil
உங்கள் மின்சாரம் 2 மணி நேரத்தில் துண்டிக்கப்படும். கட்டணம் செலுத்தவும்.,1,Tamil
Google Pay கணக்கு முடக்கப்படும். உடனே சரிபார்க்கவும்.,1,Tamil
நீங்கள் லாட்டரி வென்றுள்ளீர்கள்! விவரங்கள் தர கிளிக் செய்யவும்.,1,Tamil
உங்கள் டெபிட் கார்டு முடக்கப்பட்டுள்ளது. அப்டேட் செய்யவும்.,1,Tamil
உங்கள் ஆதார் இணைப்பு தவறாக உள்ளது. உடனே சரிசெய்யவும்.,1,Tamil
આજે ક્લાસ કેટલા વાગ્યે શરૂ થશે?,0,Gujarati
તું ઘરે સુરક્ષિત પહોંચી ગયો?,0,Gujarati
કાલે એક્ઝામ માટે તૈયાર છે?,0,Gujarati
સાંજે ક્રિકેટ રમવા જઈએ?,0,Gujarati
"મમ્મી ફોન કરી રહી હતી, વાત કરી લે.",0,Gujarati
આજે હવામાન બહુ સરસ છે.,0,Gujarati
તારો પ્રેઝન્ટેશન ખૂબ જ સારો હતો.,0,Gujarati
લંચ કરી લીધો?,0,Gujarati
હું બસ સ્ટેન્ડ પર છું.,0,Gujarati
કાલે મળીશું?,0,Gujarati
ઘરે પહોંચી જા પછી મેસેજ કરજે.,0,Gujarati
હોમવર્ક પૂરૂં કર્યું?,0,Gujarati
આજે ઓફિસમાં બહુ કામ છે.,0,Gujarati
તારો બર્થડે પ્લાન શું છે?,0,Gujarati
"મને કૉલ કરજે, વાત કરવી છે.",0,Gujarati
શનિવારે મૂવી જોવા જઈએ?,0,Gujarati
"મેં મેઇલ મોકલી છે, ચેક કરજે.",0,Gujarati
આજે ટ્રાફિક બહુ હતો.,0,Gujarati
તારા નોટ્સથી ઘણી મદદ મળી.,0,Gujarati
કાલે લાઇબ્રેરી જઈએ?,0,Gujarati
મીટિંગની લિંક મોકલી દે.,0,Gujarati
અસાઇનમેન્ટ પૂરૂં કરી દીધું.,0,Gujarati
તારો ફોન સ્વિચ ઓફ છે.,0,Gujarati
આજે ફ્રી છે?,0,Gujarati
મને એ ફોટો મોકલી દે.,0,Gujarati
નવો મોબાઇલ લીધો?,0,Gujarati
લંચ બ્રેકમાં કૉલ કરજે.,0,Gujarati
મારું ટેસ્ટ સારું ગયું.,0,Gujarati
ટ્રેન કેટલા વાગ્યે છે?,0,Gujarati
ફાઇલનું નામ બદલી દે.,0,Gujarati
નવો એપિસોડ જોયો?,0,Gujarati
કાલે વહેલા નીકળવું પડશે.,0,Gujarati
ગ્રુપમાં આવ્યું અસાઇનમેન્ટ જોયું?,0,Gujarati
તું મોકલેલું ગીત ખૂબ ગમ્યું.,0,Gujarati
ડેટા અપડેટ કરી દીધો છે.,0,Gujarati
આજે ઘરે વહેલા જઈશ.,0,Gujarati
લેબ કોટ લાવવાનું ભૂલતો નહીં.,0,Gujarati
અહીં નેટવર્ક નબળું છે.,0,Gujarati
તારો રિઝ્યૂમે સારો છે.,0,Gujarati
આ કામ કાલે કરીએ?,0,Gujarati
નવું શેડ્યૂલ આવ્યું?,0,Gujarati
ફ્રી થાય ત્યારે મેસેજ કરજે.,0,Gujarati
હું ઓફિસમાં છું.,0,Gujarati
નોટ્સ બહુ ક્લિયર છે.,0,Gujarati
લિંક્સ સેવ કરી દીધી છે.,0,Gujarati
મીટિંગ 5 મિનિટ મોડું છે.,0,Gujarati
પેન ટેબલ પર મૂકી છે.,0,Gujarati
અહીં સિગ્નલ ઓછું છે.,0,Gujarati
પાણી પીતા રહે.,0,Gujarati
10 વાગ્યે મળીશું?,0,Gujarati
ડોક્યુમેન્ટ વાંચી લે.,0,Gujarati
લૅપટોપ બરાબર છે?,0,Gujarati
હું કેન્ટીનમાં છું.,0,Gujarati
લંચ પૂરો કર્યો?,0,Gujarati
ફોલ્ડર અપડેટ કર્યું છે.,0,Gujarati
કાલે કોલેજમાં બહુ ભીડ હતી.,0,Gujarati
હું ઘરેથી કામ કરું છું.,0,Gujarati
અપડેટ ઇન્સ્ટોલ કર્યું?,0,Gujarati
આજે રજા છે?,0,Gujarati
કાલે પ્રોજેક્ટ મીટિંગ છે.,0,Gujarati
આજે બહુ થાકી ગયો છું.,0,Gujarati
તારી તબિયત હવે કેવી છે?,0,Gujarati
પુસ્તક મળી ગયું?,0,Gujarati
લૅપટોપ રીસ્ટાર્ટ કરી દે.,0,Gujarati
પ્રિન્ટરમાં પેપર નાખી દે.,0,Gujarati
આજે રાત્રે અભ્યાસ કરવો છે.,0,Gujarati
હોમવર્ક બહુ લાંબું છે.,0,Gujarati
ગ્રુપ ડિસ્કશન સારું ગયું.,0,Gujarati
"કાલે વાયવા છે, યાદ રાખજે.",0,Gujarati
તારો પ્રોજેક્ટ બહુ સારો છે.,0,Gujarati
ફાઇલ અપલોડ કરી રહ્યો છું.,0,Gujarati
લાઇબ્રેરી આજે શાંત હતી.,0,Gujarati
બધું નોંધ્યું છે.,0,Gujarati
તમારું બેંક એકાઉન્ટ તાત્કાલિક બંધ કરવામાં આવ્યું છે. તરત જ ચકાસણી કરો.,1,Gujarati
"તમે ₹50,000 નું ઇનામ જીત્યા છો! હવે ક્લિક કરીને મેળવો.",1,Gujarati
તમારું UPI 30 મિનિટમાં બ્લોક થશે. KYC પૂર્ણ કરો.,1,Gujarati
તમારું ATM કાર્ડ બ્લોક થયું છે. ફરી સક્રિય કરવા ક્લિક કરો.,1,Gujarati
તમારા PAN વિગત ખોટા છે. તરત અપડેટ કરો.,1,Gujarati
"ઇનકમ ટેક્સ રિફંડ ₹12,450 તૈયાર છે. ક્લેમ કરો.",1,Gujarati
તમારું WhatsApp એકાઉન્ટ સસ્પેન્ડ થશે. ચકાસણી કરો.,1,Gujarati
SIM કાર્ડ બંધ થશે. તરત KYC કરો.,1,Gujarati
OTP શેર ન કરવાથી એકાઉન્ટ બંધ થશે.,1,Gujarati
Amazon લકી ડ્રોમાં પસંદ થયા છો! ઇનામ મેળવો.,1,Gujarati
તમારું વીજ બિલ બાકી છે. 2 કલાકમાં સપ્લાય બંધ થશે.,1,Gujarati
Google Pay એકાઉન્ટ સસ્પેન્ડ થશે. ચકાસો.,1,Gujarati
લોટરી જીત્યા છો! વિગત આપવા ક્લિક કરો.,1,Gujarati
ડેબિટ કાર્ડ બ્લોક થયું છે. અપડેટ કરો.,1,Gujarati
આધાર સસ્પેન્ડ થયું છે. તરત સુધારો.,1,Gujarati
તમારા ખાતામાં શંકાસ્પદ ટ્રાન્ઝેક્શન છે. તરત ચકાસો.,1,Gujarati
ક્રેડિટ કાર્ડ 24 કલાકમાં બંધ થશે. વિગતો અપડેટ કરો.,1,Gujarati
સરકારી સહાય માટે પસંદ થયા છો. નોંધણી કરો.,1,Gujarati
નેટ બેન્કિંગ પાસવર્ડ સમાપ્ત થયો છે. બદલાવો.,1,Gujarati
"₹1,00,000 લોન મંજૂર! તરત મેળવો.",1,Gujarati
Facebook એકાઉન્ટ 10 મિનિટમાં બંધ થશે.,1,Gujarati
મફત રિચાર્જ મેળવવા અત્યારે ક્લિક કરો.,1,Gujarati
તમારું Paytm વૉલેટ બંધ થશે. ચકાસણી કરો.,1,Gujarati
OTP તરત દાખલ ન કરવાથી ATM બંધ થશે.,1,Gujarati
Netflix સબ્સ્ક્રિપ્શન સમાપ્ત થાય છે. રિન્યૂ કરો.,1,Gujarati
"₹75,000 કેશબેક ઓફર! હવે નોંધણી કરો.",1,Gujarati
તમારું એકાઉન્ટ 30 મિનિટમાં લૉક થશે.,1,Gujarati
ફ્રી iPhone જીતવા ક્લિક કરો.,1,Gujarati
ઇન્શ્યોરન્સ પોલિસી સમાપ્ત થઈ છે. રિન્યૂ કરો.,1,Gujarati
"₹9,999 તમારા ખાતામાંથી ડેબિટ થયા. ચકાસો.",1,Gujarati
UPI ટ્રાન્ઝેક્શન નિષ્ફળ ગયું. ફરી ચકાસો.,1,Gujarati
તમારું Instagram એકાઉન્ટ બંધ થશે.,1,Gujarati
EMI બાકી છે. તરત ચુકવણી કરો.,1,Gujarati
ફ્રી ગિફ્ટ વાઉચર મેળવવા નોંધણી કરો.,1,Gujarati
તમારું એકાઉન્ટ કાયમી બંધ થશે.,1,Gujarati
आज क्लास किती वाजता सुरू होईल?,0,Marathi
तू घरी सुरक्षित पोहोचलास का?,0,Marathi
उद्या परीक्षेसाठी तयारी झाली का?,0,Marathi
संध्याकाळी क्रिकेट खेळायला जाऊया का?,0,Marathi
"आई फोन करत होती, बोलून घे.",0,Marathi
आज हवामान खूप छान आहे.,0,Marathi
तुझं प्रेझेंटेशन खूप छान होतं.,0,Marathi
जेवण केलंस का?,0,Marathi
मी बसस्टॉपवर आहे.,0,Marathi
उद्या भेटूया का?,0,Marathi
घरी पोहोचलास की मेसेज कर.,0,Marathi
होमवर्क पूर्ण केलास का?,0,Marathi
आज ऑफिसमध्ये खूप काम आहे.,0,Marathi
तुझा वाढदिवसाचा प्लॅन काय आहे?,0,Marathi
"मला कॉल कर, बोलायचं आहे.",0,Marathi
शनिवारी चित्रपट पाहायला जाऊया का?,0,Marathi
"मी मेल पाठवली आहे, तपासून पाह.",0,Marathi
आज ट्रॅफिक खूप होता.,0,Marathi
तुझे नोट्स खूप उपयोगी पडले.,0,Marathi
उद्या लायब्ररीला जाऊया का?,0,Marathi
मीटिंगची लिंक पाठव.,0,Marathi
असाइनमेंट पूर्ण केलं.,0,Marathi
तुझा फोन स्विच ऑफ आहे.,0,Marathi
आज तू फ्री आहेस का?,0,Marathi
तो फोटो मला पाठव.,0,Marathi
नवीन मोबाईल घेतलास का?,0,Marathi
लंच ब्रेकमध्ये कॉल कर.,0,Marathi
माझी टेस्ट छान झाली.,0,Marathi
तुझी ट्रेन किती वाजता आहे?,0,Marathi
फाईलचं नाव बदलून टाक.,0,Marathi
नवीन एपिसोड पाहिलास का?,0,Marathi
उद्या लवकर निघावं लागेल.,0,Marathi
ग्रुपमधलं असाइनमेंट पाहिलंस का?,0,Marathi
तू पाठवलेलं गाणं खूप आवडलं.,0,Marathi
डेटा अपडेट केला आहे.,0,Marathi
आज घरी लवकर जाईन.,0,Marathi
लॅब कोट आणायला विसरू नकोस.,0,Marathi
इथे नेटवर्क कमी आहे.,0,Marathi
तुझा रिज्युमे चांगला आहे.,0,Marathi
हे काम उद्या करूया का?,0,Marathi
नवीन शेड्यूल आलं का?,0,Marathi
फ्री झाल्यावर मेसेज कर.,0,Marathi
मी ऑफिसमध्ये आहे.,0,Marathi
नोट्स खूप स्पष्ट आहेत.,0,Marathi
लिंक्स सेव केल्या आहेत.,0,Marathi
मीटिंग 5 मिनिटे उशिरा आहे.,0,Marathi
पेन टेबलवर ठेवली आहे.,0,Marathi
इथे सिग्नल कमी आहे.,0,Marathi
पाणी पित रहा.,0,Marathi
10 वाजता भेटूया का?,0,Marathi
डॉक्युमेंट वाचून घे.,0,Marathi
लॅपटॉप ठीक आहे का?,0,Marathi
मी कॅन्टीनमध्ये आहे.,0,Marathi
लंच झाला का?,0,Marathi
फोल्डर अपडेट केलं आहे.,0,Marathi
काल कॉलेजमध्ये खूप गर्दी होती.,0,Marathi
मी घरून काम करतो आहे.,0,Marathi
अपडेट इन्स्टॉल केलं का?,0,Marathi
आज सुट्टी आहे का?,0,Marathi
उद्या प्रोजेक्ट मीटिंग आहे.,0,Marathi
आज खूप थकलो आहे.,0,Marathi
तुझी तब्येत आता कशी आहे?,0,Marathi
पुस्तक मिळालं का?,0,Marathi
लॅपटॉप रीस्टार्ट कर.,0,Marathi
प्रिंटरमध्ये पेपर टाक.,0,Marathi
आज रात्री अभ्यास करणार आहे.,0,Marathi
होमवर्क खूप मोठा आहे.,0,Marathi
ग्रुप डिस्कशन छान झालं.,0,Marathi
"उद्या व्हायवा आहे, लक्षात ठेव.",0,Marathi
तुझा प्रोजेक्ट खूप चांगला आहे.,0,Marathi
फाईल अपलोड करत आहे.,0,Marathi
लायब्ररी आज शांत होती.,0,Marathi
सगळं नोट करून ठेवलं आहे.,0,Marathi
तुमचे बँक खाते तात्काळ बंद करण्यात आले आहे. लगेच पडताळणी करा.,1,Marathi
"तुम्ही ₹50,000 चे बक्षीस जिंकले आहे! आत्ताच क्लेम करा.",1,Marathi
तुमचे UPI 30 मिनिटांत ब्लॉक होईल. KYC पूर्ण करा.,1,Marathi
तुमचे ATM कार्ड ब्लॉक झाले आहे. पुन्हा सक्रिय करण्यासाठी क्लिक करा.,1,Marathi
तुमचे PAN तपशील चुकीचे आहेत. लगेच अपडेट करा.,1,Marathi
"Income Tax रिफंड ₹12,450 तयार आहे. क्लेम करा.",1,Marathi
तुमचे WhatsApp खाते सस्पेंड होईल. पडताळणी करा.,1,Marathi
SIM कार्ड बंद होणार आहे. लगेच KYC करा.,1,Marathi
OTP शेअर नाही केल्यास खाते बंद होईल.,1,Marathi
Amazon लकी ड्रॉमध्ये निवड झाली आहे! बक्षीस मिळवा.,1,Marathi
तुमचे वीज बिल बाकी आहे. 2 तासांत पुरवठा बंद होईल.,1,Marathi
Google Pay खाते सस्पेंड होईल. लगेच पडताळणी करा.,1,Marathi
लॉटरी जिंकली आहे! तपशील देण्यासाठी क्लिक करा.,1,Marathi
डेबिट कार्ड ब्लॉक झाले आहे. अपडेट करा.,1,Marathi
आधार सस्पेंड झाला आहे. लगेच दुरुस्त करा.,1,Marathi
तुमच्या खात्यात संशयास्पद व्यवहार आढळला आहे.,1,Marathi
क्रेडिट कार्ड 24 तासांत बंद होईल.,1,Marathi
सरकारी योजनेसाठी निवड झाली आहे. नोंदणी करा.,1,Marathi
नेट बँकिंग पासवर्ड कालबाह्य झाला आहे.,1,Marathi
"₹1,00,000 कर्ज मंजूर! लगेच मिळवा.",1,Marathi
Facebook खाते 10 मिनिटांत बंद होईल.,1,Marathi
फ्री रिचार्ज मिळवण्यासाठी क्लिक करा.,1,Marathi
Paytm वॉलेट बंद होणार आहे.,1,Marathi
ATM बंद होण्यापूर्वी OTP टाका.,1,Marathi
Netflix सदस्यत्व संपत आहे. नूतनीकरण करा.,1,Marathi
"₹75,000 कॅशबॅक ऑफर! लगेच नोंदणी करा.",1,Marathi
तुमचे खाते 30 मिनिटांत लॉक होईल.,1,Marathi
फ्री iPhone जिंकण्यासाठी क्लिक करा.,1,Marathi
इन्शुरन्स पॉलिसी संपली आहे.,1,Marathi
"₹9,999 तुमच्या खात्यातून डेबिट झाले.",1,Marathi
UPI व्यवहार अयशस्वी झाला. पडताळणी करा.,1,Marathi
Instagram खाते बंद होणार आहे.,1,Marathi
EMI बाकी आहे. लगेच भरा.,1,Marathi
फ्री गिफ्ट व्हाउचर मिळवा.,1,Marathi
तुमचे खाते कायमचे सस्पेंड होईल.,1,Marathi
तुमचे बँक KYC अपूर्ण आहे. 24 तासांत पूर्ण करा.,1,Marathi
आधार क्रमांकावर संशयास्पद क्रिया आढळली.,1,Marathi
क्रेडिट स्कोर अपडेट आवश्यक आहे.,1,Marathi
"₹25,000 बक्षीस मिळवण्यासाठी तपशील भरा.",1,Marathi
मोबाइल नंबर पडताळणी आवश्यक आहे.,1,Marathi
PayPal खाते लॉक झाले आहे.,1,Marathi
"₹10,000 तत्काळ कर्ज मिळवा.",1,Marathi
OTP टाकला नाही तर व्यवहार रद्द होईल.,1,Marathi
Amazon ऑर्डर होल्डवर आहे.,1,Marathi
खाते 12 तासांत डिलीट होईल.,1,Marathi
मोफत TV जिंकण्याची शेवटची संधी!,1,Marathi
मोठी रक्कम जमा झाली आहे. पडताळणी करा.,1,Marathi
Google खाते हॅक झाले आहे.,1,Marathi
SIM 2 तासांत बंद होईल.,1,Marathi
"₹5,000 कॅशबॅक मिळवा.",1,Marathi
नेटबँकिंग अॅक्सेस बंद झाला आहे.,1,Marathi
Free गिफ्ट हॅम्पर जिंकण्यासाठी क्लिक करा.,1,Marathi
"₹15,000 डेबिट झाले. तपासा.",1,Marathi
आधार-पॅन लिंकिंग अपूर्ण आहे.,1,Marathi
तुमचे कार्ड 1 दिवसात निष्क्रिय होईल.,1,Marathi
"₹20,000 बक्षीस जिंकण्यासाठी नोंदणी करा.",1,Marathi
इन्शुरन्स क्लेम प्रलंबित आहे.,1,Marathi
OTP लगेच टाका नाहीतर खाते बंद होईल.,1,Marathi
तुमचे बँक खाते सुरक्षा तपासणीमध्ये आहे.,1,Marathi
आज क्लास कित्या वेल्यार सुरू जाता?,0,Konkani
तुंय घराक सुरक्षित पोचला काय?,0,Konkani
फाल्यां परिक्षेक तयारी जाली काय?,0,Konkani
सांज्याक क्रिकेट खेळपाक वचूया काय?,0,Konkani
"आई फोन करताली, उलय करून घे.",0,Konkani
आज हवामान खूब बरें आसा.,0,Konkani
तुझें प्रेझेंटेशन खूब बरें आशिल्लें.,0,Konkani
जेवण केलें काय?,0,Konkani
हांव बसस्टॉपार आसा.,0,Konkani
फाल्यां मेळूंया काय?,0,Konkani
घराक पोचल्यार मेसेज कर.,0,Konkani
होमवर्क पूर्ण केलें काय?,0,Konkani
आज ऑफिसांत खूब काम आसा.,0,Konkani
तुझो वाढदिवसाचो प्लान काय?,0,Konkani
"माका कॉल कर, उलय करपाचें आसा.",0,Konkani
शनिवारी पिक्चर पळोवया काय?,0,Konkani
"हांव मेल धाडली आसा, तपासून पळय.",0,Konkani
आज ट्रॅफिक खूब आशिल्लें.,0,Konkani
तुझे नोट्स माका खूब उपकारक जाले.,0,Konkani
फाल्यां लायब्ररीक वचूया काय?,0,Konkani
मीटिंगची लिंक धाड.,0,Konkani
असाइनमेंट पूर्ण केलें.,0,Konkani
तुझो फोन स्विच ऑफ आसा.,0,Konkani
आज तूं फ्री आसा काय?,0,Konkani
तो फोटो माका धाड.,0,Konkani
नवो मोबाईल घेतलो काय?,0,Konkani
लंच ब्रेकांत कॉल कर.,0,Konkani
माझी टेस्ट बरें जाली.,0,Konkani
तुझी ट्रेन कित्या वेल्यार आसा?,0,Konkani
फाईलाचें नाव बदल.,0,Konkani
नवो एपिसोड पळयलो काय?,0,Konkani
फाल्यां लवकर निघूंक लागता.,0,Konkani
ग्रुपांत आयलें असाइनमेंट पळयलें काय?,0,Konkani
तुंय धाडलेलें गाणें खूब आवडलें.,0,Konkani
डेटा अपडेट केलो आसा.,0,Konkani
आज घराक लवकर वचता.,0,Konkani
लॅब कोट आनपाक विसरू नको.,0,Konkani
हांगा नेटवर्क कमी आसा.,0,Konkani
तुझो रिज्युमे बरें आसा.,0,Konkani
हें काम फाल्यां करूया काय?,0,Konkani
नवो शेड्यूल आयलो काय?,0,Konkani
फ्री जाल्यार मेसेज कर.,0,Konkani
हांव ऑफिसांत आसा.,0,Konkani
नोट्स खूब स्पष्ट आसात.,0,Konkani
लिंक्स सेव केल्या आसात.,0,Konkani
मीटिंग पाच मिनिट उशीर आसा.,0,Konkani
पेन टेबलार दवरली आसा.,0,Konkani
हांगा सिग्नल कमी आसा.,0,Konkani
उदक पियता राव.,0,Konkani
दहा वाजतां मेळूंया काय?,0,Konkani
डॉक्युमेंट वाचून घे.,0,Konkani
लॅपटॉप बरें आसा काय?,0,Konkani
हांव कॅन्टीनांत आसा.,0,Konkani
लंच जालो काय?,0,Konkani
फोल्डर अपडेट केलो आसा.,0,Konkani
काल कॉलेजांत खूब गर्दी आशिल्ले.,0,Konkani
हांव घरांतल्यान काम करता.,0,Konkani
अपडेट इन्स्टॉल केलें काय?,0,Konkani
आज सुट्टी आसा काय?,0,Konkani
फाल्यां प्रोजेक्ट मीटिंग आसा.,0,Konkani
आज खूब थकला आसा.,0,Konkani
तुझी तब्येत आता कशी आसा?,0,Konkani
पुस्तक मेळलें काय?,0,Konkani
लॅपटॉप रीस्टार्ट कर.,0,Konkani
प्रिंटरांत पेपर घाल.,0,Konkani
आज रात्री अभ्यास करचो आसा.,0,Konkani
होमवर्क खूब लाम्ब आसा.,0,Konkani
ग्रुप डिस्कशन बरें जालें.,0,Konkani
"फाल्यां व्हायवा आसा, विसरू नको.",0,Konkani
तुझो प्रोजेक्ट खूब बरें आसा.,0,Konkani
फाईल अपलोड करता.,0,Konkani
लायब्ररी आज शांत आशिल्ले.,0,Konkani
सगळें नोट करून दवरलें.,0,Konkani
तुमचें बँक खाते तात्काळ बंद केलें आसा. लागीं पडताळणी करात.,1,Konkani
"तुंय ₹50,000 चे बक्षीस जिंकलें! आतां क्लेम करात.",1,Konkani
तुमचें UPI 30 मिनिटांत ब्लॉक जाता. KYC पूर्ण करात.,1,Konkani
तुमचें ATM कार्ड ब्लॉक जालें आसा. पुन्हा सक्रिय करपाक क्लिक करात.,1,Konkani
तुमचें PAN तपशील चुकिचे आसात. लागीं अपडेट करात.,1,Konkani
Income Tax रिफंड तयार आसा. क्लेम करपाक क्लिक करात.,1,Konkani
तुमचें WhatsApp खाते सस्पेंड जाता. पडताळणी करात.,1,Konkani
SIM कार्ड बंद जाता. लागीं KYC करात.,1,Konkani
OTP दिलें ना तर खाते बंद जाता.,1,Konkani
Amazon लकी ड्रॉ जिंकलात! बक्षीस घेता.,1,Konkani
वीज बिल बाकी आसा. 2 तासांत पुरवठो बंद जाता.,1,Konkani
Google Pay खाते सस्पेंड जाता. लागीं पडताळणी करात.,1,Konkani
लॉटरी जिंकलात! तपशील दवरात.,1,Konkani
डेबिट कार्ड ब्लॉक जालें आसा.,1,Konkani
आधार सस्पेंड जालें आसा. लागीं दुरुस्त करात.,1,Konkani
तुमच्या खात्यांत संशयास्पद व्यवहार आढळलो.,1,Konkani
क्रेडिट कार्ड 24 तासांत बंद जाता.,1,Konkani
सरकारी योजनेसाठी निवड जाली. नोंदणी करात.,1,Konkani
नेट बँकिंग पासवर्ड कालबाह्य जालो.,1,Konkani
"₹1,00,000 कर्ज मंजूर! आतां घेता.",1,Konkani
Facebook खाते 10 मिनिटांत बंद जाता.,1,Konkani
फ्री रिचार्ज मेळपाक क्लिक करात.,1,Konkani
Paytm वॉलेट बंद जाता.,1,Konkani
ATM बंद जावपाच्या आदल्यार OTP दवरात.,1,Konkani
Netflix सदस्यत्व संपता. नूतनीकरण करात.,1,Konkani
"₹75,000 कॅशबॅक ऑफर! लागीं नोंदणी करात.",1,Konkani
तुमचें खाते 30 मिनिटांत लॉक जाता.,1,Konkani
फ्री iPhone जिंकपाक क्लिक करात.,1,Konkani
इन्शुरन्स पॉलिसी संपली आसा.,1,Konkani
"₹9,999 तुमच्या खात्यांतून डेबिट जालें.",1,Konkani
UPI व्यवहार अयशस्वी जालो. पडताळणी करात.,1,Konkani
Instagram खाते बंद जाता.,1,Konkani
EMI बाकी आसा. लागीं भरात.,1,Konkani
फ्री गिफ्ट व्हाउचर घेता.,1,Konkani
तुमचें खाते कायमचें सस्पेंड जाता.,1,Konkani
KYC अपूर्ण आसा. 24 तासांत पूर्ण करात.,1,Konkani
मोबाइल नंबर पडताळणी आवश्यक आसा.,1,Konkani
"₹25,000 बक्षीस मेळपाक तपशील भरात.",1,Konkani
Google खाते हॅक जालें आसा.,1,Konkani
"₹10,000 तत्काळ कर्ज मेळता.",1,Konkani
SIM 2 तासांत बंद जाता.,1,Konkani
"₹5,000 कॅशबॅक घेता.",1,Konkani
आधार-पॅन लिंकिंग अपूर्ण आसा.,1,Konkani
कार्ड 1 दिसांत निष्क्रिय जाता.,1,Konkani
तुमचें बँक खाते सुरक्षा तपासणींत आसा.,1,Konkani
آج کلاس کتنے بجے شروع ہوگی؟,0,Urdu
کل تمہارا پریزنٹیشن بہت اچھا تھا۔,0,Urdu
میں شام کو بازار جا رہا ہوں، کچھ چاہیے؟,0,Urdu
گھر پہنچ کر ضرور اطلاع دینا۔,0,Urdu
پڑھائی کیسی چل رہی ہے؟,0,Urdu
ہم اتوار کو فلم دیکھنے جا رہے ہیں۔,0,Urdu
آج موسم بہت خوشگوار ہے۔,0,Urdu
میں نے تمہاری کتاب میز پر رکھ دی ہے۔,0,Urdu
لیپ ٹاپ چارج پر لگا دینا۔,0,Urdu
کیا تم نے کھانا کھا لیا؟,0,Urdu
میں دس منٹ میں پہنچ جاؤں گا۔,0,Urdu
آج کا ٹیسٹ کیسا رہا؟,0,Urdu
تمہارے نوٹس سے کافی مدد ملی۔,0,Urdu
کل لائبریری چلنا ہے؟,0,Urdu
میٹنگ کا لنک بھیج دینا۔,0,Urdu
میں شام تک اسائنمنٹ مکمل کر لوں گا۔,0,Urdu
تمہارا فون بند جا رہا تھا۔,0,Urdu
کیا تم آج فری ہو؟,0,Urdu
مجھے وہ تصویر بھیج دو۔,0,Urdu
لنچ بریک میں کال کر لینا۔,0,Urdu
میرا پریکٹیکل اچھا ہو گیا۔,0,Urdu
تمہاری ٹرین کتنے بجے ہے؟,0,Urdu
فائل کو ری نیم کر دینا۔,0,Urdu
کیا تم نے نیا ایپی سوڈ دیکھا؟,0,Urdu
کل جلدی نکلنا ہوگا۔,0,Urdu
گروپ میں آیا ہوا اسائنمنٹ دیکھ لیا؟,0,Urdu
میں نے میل کر دی ہے، چیک کر لینا۔,0,Urdu
کل جم چلیں گے؟,0,Urdu
میں نے پروجیکٹ کا ڈیٹا اپڈیٹ کر دیا ہے۔,0,Urdu
آج گھر جلدی جانا ہے۔,0,Urdu
لیب کوٹ لانا مت بھولنا۔,0,Urdu
آج ٹریفک بہت تھا۔,0,Urdu
کیا ہم یہ کام کل کریں؟,0,Urdu
نیا شیڈول آ گیا ہے؟,0,Urdu
فری ہو تو میسج کرنا۔,0,Urdu
میں ابھی آفس میں ہوں۔,0,Urdu
میں نے لنکس محفوظ کر لیے ہیں۔,0,Urdu
میٹنگ پانچ منٹ لیٹ ہوگی۔,0,Urdu
یہاں نیٹ ورک کمزور ہے۔,0,Urdu
پانی پیتے رہنا۔,0,Urdu
کیا ہم دس بجے ملیں؟,0,Urdu
براہ کرم یہ ڈاکیومنٹس پڑھ لینا۔,0,Urdu
میں کیفے میں ہوں۔,0,Urdu
لنچ کر لیا کیا؟,0,Urdu
میں گھر سے کام کر رہا ہوں۔,0,Urdu
کیا آج چھٹی ہے؟,0,Urdu
کل پروجیکٹ میٹنگ ہوگی۔,0,Urdu
آج بہت تھک گیا ہوں۔,0,Urdu
تمہاری طبیعت اب کیسی ہے؟,0,Urdu
کتاب مل گئی؟,0,Urdu
لیپ ٹاپ ری اسٹارٹ کر لو۔,0,Urdu
پرنٹر میں کاغذ ڈال دو۔,0,Urdu
میں رات کو پڑھائی کروں گا۔,0,Urdu
ہوم ورک آج بہت لمبا ہے۔,0,Urdu
کل وائوا ہے یاد رکھنا۔,0,Urdu
میں فائل اپلوڈ کر رہا ہوں۔,0,Urdu
لائبریری آج خالی تھی۔,0,Urdu
میں نے سب کچھ نوٹ کر لیا ہے۔,0,Urdu
کل ملتے ہیں۔,0,Urdu
میں راستے میں ہوں۔,0,Urdu
کیا تم نے اپڈیٹ انسٹال کیا؟,0,Urdu
آج میٹنگ کتنے بجے ہے؟,0,Urdu
مجھے اپنا ایڈریس بھیج دو۔,0,Urdu
کل بارش کا امکان ہے۔,0,Urdu
کیا تم گھر پر ہو؟,0,Urdu
میں تمہیں بعد میں کال کروں گا۔,0,Urdu
یہ کام آسان تھا۔,0,Urdu
ہم شام کو بات کریں گے۔,0,Urdu
میں نے تمہیں ای میل بھیجی ہے۔,0,Urdu
کیا تم میرے ساتھ آؤ گے؟,0,Urdu
میں نے رپورٹ مکمل کر لی ہے۔,0,Urdu
آج کافی مصروف دن تھا۔,0,Urdu
براہ کرم دروازہ بند کر دینا۔,0,Urdu
میں نے بل ادا کر دیا ہے۔,0,Urdu
کل جلدی اٹھنا ہے۔,0,Urdu
آپ کا بینک اکاؤنٹ معطل کر دیا گیا ہے۔ فوراً تصدیق کریں۔,1,Urdu
"آپ نے 50,000 روپے کا انعام جیتا ہے! ابھی کلیم کریں۔",1,Urdu
آپ کا اے ٹی ایم کارڈ بلاک ہو جائے گا۔ فوری KYC مکمل کریں۔,1,Urdu
آپ کے موبائل نمبر پر غیر مجاز سرگرمی پائی گئی ہے۔ فوراً لاگ ان کریں۔,1,Urdu
آپ کا بجلی کا بل بقایا ہے۔ ادائیگی نہ کرنے پر کنکشن منقطع ہوگا۔,1,Urdu
مبارک ہو! آپ کو مفت اسمارٹ فون ملا ہے۔ تفصیلات دیکھیں۔,1,Urdu
آپ کا سوشل میڈیا اکاؤنٹ بند کیا جا رہا ہے۔ ابھی پاسورڈ ری سیٹ کریں۔,1,Urdu
آپ کے نام پر قرض منظور ہو گیا ہے۔ رقم حاصل کرنے کے لیے کلک کریں۔,1,Urdu
فوری اطلاع: آپ کی لاٹری نکل آئی ہے۔ ابھی رجسٹر کریں۔,1,Urdu
آپ کا پارسل روک دیا گیا ہے۔ تصدیق کے لیے لنک پر کلک کریں۔,1,Urdu
آپ کا اکاؤنٹ ہیک ہو چکا ہے۔ فوری لاگ ان کر کے محفوظ کریں۔,1,Urdu
ٹیکس ریفنڈ کے لیے اپنی معلومات درج کریں۔,1,Urdu
آپ کا UPI ادائیگی ناکام ہو گئی ہے۔ دوبارہ تصدیق کریں۔,1,Urdu
آپ کی سم بلاک کی جا رہی ہے۔ فوری تصدیق کریں۔,1,Urdu
آپ کے بینک میں مشکوک ٹرانزیکشن ہوئی ہے۔ تفصیلات دیکھیں۔,1,Urdu
اپنا پن کوڈ اپڈیٹ کریں ورنہ اکاؤنٹ بند ہو جائے گا۔,1,Urdu
آپ کی انشورنس پالیسی منسوخ ہو رہی ہے۔ ابھی تجدید کریں۔,1,Urdu
آپ کو فوری طور پر تصدیقی فیس ادا کرنی ہوگی۔,1,Urdu
آپ کے کریڈٹ کارڈ پر غیر مجاز خریداری ہوئی ہے۔ چیک کریں۔,1,Urdu
مبارک ہو! آپ کو بیرون ملک نوکری کی پیشکش ملی ہے۔ ابھی اپلائی کریں۔,1,Urdu
آپ کا واٹس ایپ اکاؤنٹ معطل کیا جا رہا ہے۔ تصدیق کریں۔,1,Urdu
آپ کے نام پر قانونی نوٹس جاری ہوا ہے۔ تفصیلات کے لیے کلک کریں۔,1,Urdu
فوری کارروائی کریں! آپ کا اکاؤنٹ 24 گھنٹوں میں بند ہو جائے گا۔,1,Urdu
اپنے اکاؤنٹ کی معلومات اپڈیٹ نہ کرنے پر سروس بند کر دی جائے گی۔,1,Urdu
آپ کا ڈیلیوری ایڈریس غلط ہے۔ درست کرنے کے لیے کلک کریں۔,1,Urdu
"آپ کو 10,000 روپے کی سبسڈی ملی ہے۔ ابھی رجسٹر کریں۔",1,Urdu
آپ کا ای میل اکاؤنٹ لاک ہو گیا ہے۔ انلاک کرنے کے لیے لاگ ان کریں۔,1,Urdu
فوری اطلاع: آپ کا بینک اسٹیٹمنٹ دستیاب ہے۔ دیکھنے کے لیے کلک کریں۔,1,Urdu
آپ کے اکاؤنٹ کی سیکیورٹی اپڈیٹ درکار ہے۔,1,Urdu
آپ کا قرضہ مسترد ہو گیا ہے۔ دوبارہ اپلائی کریں۔,1,Urdu
آپ کی پنشن روک دی گئی ہے۔ تصدیق کریں۔,1,Urdu
آپ کا ڈیٹا لیک ہو گیا ہے۔ فوری ایکشن لیں۔,1,Urdu
مبارک ہو! آپ کو کیش بیک ملا ہے۔ ابھی حاصل کریں۔,1,Urdu
آپ کا اکاؤنٹ 12 گھنٹوں میں غیر فعال ہو جائے گا۔,1,Urdu
اپنی شناخت کی تصدیق کریں ورنہ سروس بند ہوگی۔,1,Urdu
آپ کے نام پر نئی ٹرانزیکشن ہوئی ہے۔ چیک کریں۔,1,Urdu
فوری ادائیگی کریں ورنہ جرمانہ ہوگا۔,1,Urdu
آپ کا آن لائن اکاؤنٹ معطل کر دیا گیا ہے۔,1,Urdu
آپ کو سرکاری امداد کے لیے منتخب کیا گیا ہے۔,1,Urdu
اپنی بینک تفصیلات اپڈیٹ کریں۔,1,Urdu
آپ کا ریفنڈ زیر التوا ہے۔,1,Urdu
فوری طور پر اپنا پاسورڈ تبدیل کریں۔,1,Urdu
آپ کا موبائل بینکنگ اکاؤنٹ لاک ہو گیا ہے۔,1,Urdu
اپنی KYC معلومات اپڈیٹ کریں۔,1,Urdu
آپ کا پارسل کسٹمز میں رکا ہوا ہے۔,1,Urdu
آپ کے اکاؤنٹ کی توثیق ضروری ہے۔,1,Urdu
مبارک ہو! آپ کو بونس ملا ہے۔,1,Urdu
آپ کی گاڑی کا چالان جاری ہو گیا ہے۔,1,Urdu
آپ کی سروس ختم ہونے والی ہے۔,1,Urdu
ਅੱਜ ਕਲਾਸ ਕਿੰਨੇ ਵਜੇ ਸ਼ੁਰੂ ਹੋਵੇਗੀ?,0,Punjabi
ਕੱਲ੍ਹ ਤੇਰਾ ਪ੍ਰੇਜ਼ੈਂਟੇਸ਼ਨ ਬਹੁਤ ਵਧੀਆ ਸੀ।,0,Punjabi
"ਮੈਂ ਸ਼ਾਮ ਨੂੰ ਬਾਜ਼ਾਰ ਜਾ ਰਿਹਾ ਹਾਂ, ਕੁਝ ਲੈਣਾ ਹੈ?",0,Punjabi
ਘਰ ਪਹੁੰਚ ਕੇ ਦੱਸ ਦੇਣਾ।,0,Punjabi
ਪੜਾਈ ਕਿਵੇਂ ਚੱਲ ਰਹੀ ਹੈ?,0,Punjabi
ਅਸੀਂ ਐਤਵਾਰ ਨੂੰ ਫਿਲਮ ਦੇਖਣ ਜਾ ਰਹੇ ਹਾਂ।,0,Punjabi
ਅੱਜ ਮੌਸਮ ਬਹੁਤ ਵਧੀਆ ਹੈ।,0,Punjabi
ਮੈਂ ਤੇਰੀ ਕਿਤਾਬ ਮੇਜ਼ ਤੇ ਰੱਖ ਦਿੱਤੀ ਹੈ।,0,Punjabi
ਲੈਪਟਾਪ ਚਾਰਜ ਤੇ ਲਗਾ ਦੇਣਾ।,0,Punjabi
ਕੀ ਤੂੰ ਖਾਣਾ ਖਾ ਲਿਆ?,0,Punjabi
ਮੈਂ ਦਸ ਮਿੰਟ ਵਿੱਚ ਪਹੁੰਚ ਜਾਵਾਂਗਾ।,0,Punjabi
ਅੱਜ ਦਾ ਟੈਸਟ ਕਿਵੇਂ ਗਿਆ?,0,Punjabi
ਤੇਰੇ ਨੋਟਸ ਨਾਲ ਬਹੁਤ ਮਦਦ ਮਿਲੀ।,0,Punjabi
ਕੱਲ੍ਹ ਲਾਇਬ੍ਰੇਰੀ ਚੱਲਣਾ ਹੈ?,0,Punjabi
ਮੀਟਿੰਗ ਦਾ ਲਿੰਕ ਭੇਜ ਦੇਣਾ।,0,Punjabi
ਮੈਂ ਸ਼ਾਮ ਤੱਕ ਅਸਾਈਨਮੈਂਟ ਪੂਰਾ ਕਰ ਲਵਾਂਗਾ।,0,Punjabi
ਤੇਰਾ ਫੋਨ ਬੰਦ ਆ ਰਿਹਾ ਸੀ।,0,Punjabi
ਕੀ ਤੂੰ ਅੱਜ ਫ੍ਰੀ ਹੈਂ?,0,Punjabi
ਮੈਨੂੰ ਉਹ ਫੋਟੋ ਭੇਜ ਦੇ।,0,Punjabi
ਲੰਚ ਬ੍ਰੇਕ ਵਿੱਚ ਕਾਲ ਕਰ ਲੈਣਾ।,0,Punjabi
ਮੇਰਾ ਪ੍ਰੈਕਟਿਕਲ ਵਧੀਆ ਹੋ ਗਿਆ।,0,Punjabi
ਤੇਰੀ ਟ੍ਰੇਨ ਕਿੰਨੇ ਵਜੇ ਹੈ?,0,Punjabi
ਫਾਇਲ ਨੂੰ ਰੀਨੇਮ ਕਰ ਦੇਣਾ।,0,Punjabi
ਕੀ ਤੂੰ ਨਵਾਂ ਐਪੀਸੋਡ ਵੇਖਿਆ?,0,Punjabi
ਕੱਲ੍ਹ ਜਲਦੀ ਨਿਕਲਣਾ ਪਵੇਗਾ।,0,Punjabi
ਗਰੁੱਪ ਵਿੱਚ ਆਇਆ ਅਸਾਈਨਮੈਂਟ ਵੇਖ ਲਿਆ?,0,Punjabi
"ਮੈਂ ਮੇਲ ਕਰ ਦਿੱਤੀ ਹੈ, ਚੈੱਕ ਕਰ ਲੈਣਾ।",0,Punjabi
ਕੱਲ੍ਹ ਜਿਮ ਚੱਲੀਏ?,0,Punjabi
ਮੈਂ ਪ੍ਰੋਜੈਕਟ ਦਾ ਡਾਟਾ ਅਪਡੇਟ ਕਰ ਦਿੱਤਾ ਹੈ।,0,Punjabi
ਅੱਜ ਘਰ ਜਲਦੀ ਜਾਣਾ ਹੈ।,0,Punjabi
ਲੈਬ ਕੋਟ ਲਿਆਉਣਾ ਨਾ ਭੁੱਲਣਾ।,0,Punjabi
ਅੱਜ ਟ੍ਰੈਫਿਕ ਬਹੁਤ ਸੀ।,0,Punjabi
ਕੀ ਅਸੀਂ ਇਹ ਕੰਮ ਕੱਲ੍ਹ ਕਰੀਏ?,0,Punjabi
ਨਵਾਂ ਸ਼ਡਿਊਲ ਆ ਗਿਆ ਹੈ?,0,Punjabi
ਫ੍ਰੀ ਹੋ ਕੇ ਮੈਸੇਜ ਕਰ ਦੇਣਾ।,0,Punjabi
ਮੈਂ ਹੁਣ ਆਫਿਸ ਵਿੱਚ ਹਾਂ।,0,Punjabi
ਮੈਂ ਲਿੰਕ ਸੇਵ ਕਰ ਲਏ ਹਨ।,0,Punjabi
ਮੀਟਿੰਗ ਪੰਜ ਮਿੰਟ ਲੇਟ ਹੋਵੇਗੀ।,0,Punjabi
ਇੱਥੇ ਨੈਟਵਰਕ ਕਮਜ਼ੋਰ ਹੈ।,0,Punjabi
ਪਾਣੀ ਪੀਦਾ ਰਹੀ।,0,Punjabi
ਕੀ ਅਸੀਂ ਦੱਸ ਵਜੇ ਮਿਲੀਏ?,0,Punjabi
ਕਿਰਪਾ ਕਰਕੇ ਇਹ ਡੌਕੂਮੈਂਟ ਪੜ੍ਹ ਲੈਣਾ।,0,Punjabi
ਮੈਂ ਕੈਫੇ ਵਿੱਚ ਹਾਂ।,0,Punjabi
ਲੰਚ ਕਰ ਲਿਆ?,0,Punjabi
ਮੈਂ ਘਰ ਤੋਂ ਕੰਮ ਕਰ ਰਿਹਾ ਹਾਂ।,0,Punjabi
ਕੀ ਅੱਜ ਛੁੱਟੀ ਹੈ?,0,Punjabi
ਕੱਲ੍ਹ ਪ੍ਰੋਜੈਕਟ ਮੀਟਿੰਗ ਹੈ।,0,Punjabi
ਅੱਜ ਬਹੁਤ ਥੱਕ ਗਿਆ ਹਾਂ।,0,Punjabi
ਤੇਰੀ ਤਬੀਅਤ ਹੁਣ ਕਿਵੇਂ ਹੈ?,0,Punjabi
ਕਿਤਾਬ ਮਿਲ ਗਈ?,0,Punjabi
ਲੈਪਟਾਪ ਰੀਸਟਾਰਟ ਕਰ ਲੈ।,0,Punjabi
ਪ੍ਰਿੰਟਰ ਵਿੱਚ ਕਾਗਜ਼ ਪਾ ਦੇਣਾ।,0,Punjabi
ਮੈਂ ਰਾਤ ਨੂੰ ਪੜਾਈ ਕਰਾਂਗਾ।,0,Punjabi
ਹੋਮਵਰਕ ਅੱਜ ਲੰਮਾ ਹੈ।,0,Punjabi
ਕੱਲ੍ਹ ਵਾਈਵਾ ਹੈ ਯਾਦ ਰੱਖਣਾ।,0,Punjabi
ਮੈਂ ਫਾਇਲ ਅਪਲੋਡ ਕਰ ਰਿਹਾ ਹਾਂ।,0,Punjabi
ਲਾਇਬ੍ਰੇਰੀ ਅੱਜ ਖਾਲੀ ਸੀ।,0,Punjabi
ਮੈਂ ਸਭ ਕੁਝ ਨੋਟ ਕਰ ਲਿਆ ਹੈ।,0,Punjabi
ਕੱਲ੍ਹ ਮਿਲਦੇ ਹਾਂ।,0,Punjabi
ਮੈਂ ਰਸਤੇ ਵਿੱਚ ਹਾਂ।,0,Punjabi
ਕੀ ਤੂੰ ਅਪਡੇਟ ਇੰਸਟਾਲ ਕੀਤਾ?,0,Punjabi
ਅੱਜ ਮੀਟਿੰਗ ਕਿੰਨੇ ਵਜੇ ਹੈ?,0,Punjabi
ਮੈਨੂੰ ਆਪਣਾ ਐਡਰੈੱਸ ਭੇਜ ਦੇ।,0,Punjabi
ਕੱਲ੍ਹ ਮੀਂਹ ਪੈ ਸਕਦਾ ਹੈ।,0,Punjabi
ਕੀ ਤੂੰ ਘਰ ਤੇ ਹੈਂ?,0,Punjabi
ਮੈਂ ਬਾਅਦ ਵਿੱਚ ਕਾਲ ਕਰਾਂਗਾ।,0,Punjabi
ਅੱਜ ਦਿਨ ਕਾਫੀ ਵਿਆਸਤ ਸੀ।,0,Punjabi
ਕਿਰਪਾ ਕਰਕੇ ਦਰਵਾਜ਼ਾ ਬੰਦ ਕਰ ਦੇਣਾ।,0,Punjabi
ਮੈਂ ਬਿੱਲ ਭਰ ਦਿੱਤਾ ਹੈ۔,0,Punjabi
ਕੱਲ੍ਹ ਜਲਦੀ ਉੱਠਣਾ ਹੈ۔,0,Punjabi
ਤੁਹਾਡਾ ਬੈਂਕ ਖਾਤਾ ਸਸਪੈਂਡ ਕਰ ਦਿੱਤਾ ਗਿਆ ਹੈ। ਤੁਰੰਤ ਵੇਰੀਫਾਈ ਕਰੋ।,1,Punjabi
"ਤੁਸੀਂ 50,000 ਰੁਪਏ ਜਿੱਤੇ ਹਨ! ਹੁਣੇ ਕਲੇਮ ਕਰੋ।",1,Punjabi
ਤੁਹਾਡਾ ATM ਕਾਰਡ ਬਲਾਕ ਹੋ ਜਾਵੇਗਾ। ਤੁਰੰਤ KYC ਪੂਰਾ ਕਰੋ।,1,Punjabi
ਤੁਹਾਡੇ ਖਾਤੇ ਵਿੱਚ ਸ਼ੱਕੀ ਲੈਣ-ਦੇਣ ਪਾਈ ਗਈ ਹੈ। ਵੇਰਵਾ ਦੇਖੋ।,1,Punjabi
ਤੁਹਾਡਾ ਬਿਜਲੀ ਬਿੱਲ ਬਕਾਇਆ ਹੈ। ਤੁਰੰਤ ਭੁਗਤਾਨ ਕਰੋ।,1,Punjabi
ਮੁਬਾਰਕਾਂ! ਤੁਹਾਨੂੰ ਮੁਫ਼ਤ ਸਮਾਰਟਫੋਨ ਮਿਲਿਆ ਹੈ। ਵੇਰਵਾ ਦੇਖੋ।,1,Punjabi
ਤੁਹਾਡਾ ਸੋਸ਼ਲ ਮੀਡੀਆ ਖਾਤਾ ਬੰਦ ਕੀਤਾ ਜਾ ਰਿਹਾ ਹੈ। ਹੁਣੇ ਲਾਗਇਨ ਕਰੋ।,1,Punjabi
ਤੁਹਾਡੇ ਨਾਮ 'ਤੇ ਲੋਨ ਮਨਜ਼ੂਰ ਹੋ ਗਿਆ ਹੈ। ਰਕਮ ਪ੍ਰਾਪਤ ਕਰਨ ਲਈ ਕਲਿਕ ਕਰੋ।,1,Punjabi
ਤੁਹਾਡਾ ਪਾਰਸਲ ਰੋਕਿਆ ਗਿਆ ਹੈ। ਟ੍ਰੈਕ ਕਰਨ ਲਈ ਕਲਿਕ ਕਰੋ।,1,Punjabi
ਤੁਹਾਡਾ ਆਨਲਾਈਨ ਖਾਤਾ 24 ਘੰਟਿਆਂ ਵਿੱਚ ਬੰਦ ਹੋ ਜਾਵੇਗਾ। ਤੁਰੰਤ ਕਾਰਵਾਈ ਕਰੋ।,1,Punjabi
ਤੁਹਾਨੂੰ ਸਰਕਾਰੀ ਸਕੀਮ ਲਈ ਚੁਣਿਆ ਗਿਆ ਹੈ। ਹੁਣੇ ਰਜਿਸਟਰ ਕਰੋ।,1,Punjabi
ਤੁਹਾਡਾ ਕ੍ਰੈਡਿਟ ਕਾਰਡ ਅਪਡੇਟ ਕਰਨ ਦੀ ਲੋੜ ਹੈ।,1,Punjabi
ਤੁਹਾਡੀ KYC ਜਾਣਕਾਰੀ ਅਧੂਰੀ ਹੈ। ਹੁਣੇ ਪੂਰੀ ਕਰੋ।,1,Punjabi
ਤੁਹਾਡਾ ਪਾਸਵਰਡ ਖਤਮ ਹੋਣ ਵਾਲਾ ਹੈ। ਤੁਰੰਤ ਬਦਲੋ।,1,Punjabi
ਤੁਹਾਡੇ ਨਾਮ 'ਤੇ ਕਾਨੂੰਨੀ ਨੋਟਿਸ ਜਾਰੀ ਕੀਤਾ ਗਿਆ ਹੈ। ਵੇਰਵਾ ਦੇਖੋ।,1,Punjabi
ਤੁਹਾਡੀ ਸਿਮ ਬਲਾਕ ਹੋ ਰਹੀ ਹੈ। ਵੇਰੀਫਿਕੇਸ਼ਨ ਕਰੋ।,1,Punjabi
ਤੁਹਾਡਾ ਟੈਕਸ ਰਿਫੰਡ ਪੈਂਡਿੰਗ ਹੈ। ਕਲੇਮ ਕਰੋ।,1,Punjabi
ਤੁਹਾਡੇ ਖਾਤੇ ਦੀ ਸੁਰੱਖਿਆ ਅਪਡੇਟ ਲੋੜੀਂਦੀ ਹੈ।,1,Punjabi
ਤੁਹਾਡੇ ਖਾਤੇ 'ਤੇ ਜੁਰਮਾਨਾ ਲੱਗਿਆ ਹੈ। ਭੁਗਤਾਨ ਕਰੋ।,1,Punjabi
ਮੁਬਾਰਕਾਂ! ਤੁਹਾਨੂੰ ਕੈਸ਼ਬੈਕ ਮਿਲਿਆ ਹੈ। ਹੁਣੇ ਪ੍ਰਾਪਤ ਕਰੋ।,1,Punjabi
Aaj class kitne baje start hogi?,0,Hindi-English
Kal tumhara presentation bahut accha tha.,0,Hindi-English
"Main shaam ko market ja raha hoon, kuch chahiye?",0,Hindi-English
Ghar pahunch ke message kar dena.,0,Hindi-English
Padhai kaisi chal rahi hai?,0,Hindi-English
Hum Sunday ko movie plan kar rahe hain.,0,Hindi-English
Aaj weather kaafi accha hai.,0,Hindi-English
Maine tumhari book table par rakh di hai.,0,Hindi-English
"Laptop charge kar lena, kal kaam hai.",0,Hindi-English
Kya tumne khana kha liya?,0,Hindi-English
Main 10 minute mein pahunch jaunga.,0,Hindi-English
Aaj ka test kaisa gaya?,0,Hindi-English
Tumhare notes se kaafi help mili.,0,Hindi-English
Meeting ka link bhej dena jab ready ho.,0,Hindi-English
Main assignment shaam tak complete kar dunga.,0,Hindi-English
Tumhara phone switched off aa raha tha.,0,Hindi-English
Kya tum aaj free ho?,0,Hindi-English
Mujhe woh photo bhej dena.,0,Hindi-English
Lunch break mein call kar lena.,0,Hindi-English
Mera practical accha gaya.,0,Hindi-English
Kal library chalna hai kya?,0,Hindi-English
"Maine mail bhej di hai, check kar lena.",0,Hindi-English
Kal gym chaloge?,0,Hindi-English
Aaj traffic bahut tha.,0,Hindi-English
Kal jaldi nikalna padega.,0,Hindi-English
Apka bank account suspend kar diya gaya hai. Turant verify karein.,1,Hindi-English
"Aapne 50,000 rupaye jeete hain! Abhi claim karein.",1,Hindi-English
Apka ATM card block hone wala hai. Turant KYC complete karein.,1,Hindi-English
Apke account mein suspicious transaction payi gayi hai. Details check karein.,1,Hindi-English
Apka electricity bill pending hai. Turant payment karein.,1,Hindi-English
Mubarak ho! Apko free smartphone mila hai. Claim karein.,1,Hindi-English
Apka social media account band kiya ja raha hai. Abhi login karein.,1,Hindi-English
Apke naam par loan approve hua hai. Amount receive karne ke liye click karein.,1,Hindi-English
Apka parcel hold par hai. Track karne ke liye click karein.,1,Hindi-English
Apka account 24 ghante mein permanently band ho jayega. Turant action lein.,1,Hindi-English
Apko sarkari yojana ke liye select kiya gaya hai. Register karein.,1,Hindi-English
Apka credit card update karna zaroori hai. Abhi verify karein.,1,Hindi-English
Apki KYC details incomplete hain. Turant update karein.,1,Hindi-English
Apka password expire hone wala hai. Reset karein.,1,Hindi-English
Apke naam par legal notice issue hua hai. Details dekhein.,1,Hindi-English
Apki SIM 12 ghante mein deactivate ho jayegi. Verify karein.,1,Hindi-English
Apka tax refund pending hai. Claim karein.,1,Hindi-English
Apke account ki security risk mein hai. Abhi login karein.,1,Hindi-English
Apke account par penalty lagayi gayi hai. Payment karein.,1,Hindi-English
Mubarak ho! Apko cashback mila hai. Abhi receive karein.,1,Hindi-English
Apka UPI block hone wala hai. Turant re-verify karein.,1,Hindi-English
Apka digital wallet temporarily suspend hai. Activate karein.,1,Hindi-English
Apka data leak ho gaya hai. Security update karein.,1,Hindi-English
Apke vehicle par challan issue hua hai. Fine pay karein.,1,Hindi-English
Apka delivery address galat hai. Update karne ke liye click karein.,1,Hindi-English
Innu class ethra manikku start cheyyum?,0,Malayalam-English
Ninte presentation innale valare nannayirunnu.,0,Malayalam-English
"Njan evening market-il pokunnu, enthenkilum venamo?",0,Malayalam-English
Veettil ethiyal message cheyyane.,0,Malayalam-English
Padippu engane pokunnu?,0,Malayalam-English
Sunday nammal movie plan cheyyam.,0,Malayalam-English
Innu weather nalla cool aanu.,0,Malayalam-English
Njan ninte book table-il vechu.,0,Malayalam-English
Laptop charge cheytho?,0,Malayalam-English
Nee food kazhicho?,0,Malayalam-English
Njan 10 minute-il ethum.,0,Malayalam-English
Innathe test engane undayirunnu?,0,Malayalam-English
Ninte notes kond valare help ayi.,0,Malayalam-English
Meeting link ayakkane.,0,Malayalam-English
Assignment njan evening vare complete cheyyum.,0,Malayalam-English
Ninte phone switched off ayirunnu.,0,Malayalam-English
Innu nee free aano?,0,Malayalam-English
Aa photo onnu ayakkamo?,0,Malayalam-English
Lunch break-il vilikkam.,0,Malayalam-English
Ente practical nannayi poyi.,0,Malayalam-English
Naale library-il pokam?,0,Malayalam-English
"Mail njan ayachu, check cheyyane.",0,Malayalam-English
Naale gym-il pokumo?,0,Malayalam-English
Innu traffic valare koodi ayirunnu.,0,Malayalam-English
Naale nerathe purappettanam.,0,Malayalam-English
Ningalude bank account suspend cheythirikkunnu. Udane verify cheyyuka.,1,Malayalam-English
Congrats! Ningalkku 5 lakh rupayude lottery kitti. Ippo claim cheyyuka.,1,Malayalam-English
Ningalude ATM card block aakum. Udane KYC update cheyyuka.,1,Malayalam-English
Ningalude account-il suspicious transaction kandethi. Details check cheyyuka.,1,Malayalam-English
Electricity bill pending aanu. Ippo pay cheyyilla engil connection cut aakum.,1,Malayalam-English
Ningalkku free iPhone labhichu! Delivery confirm cheyyuka.,1,Malayalam-English
Ningalude WhatsApp account deactivate cheyyum. Udane login cheyyuka.,1,Malayalam-English
Work from home job offer! Daily 5000 rupay earn cheyyam. Register now.,1,Malayalam-English
Crypto investment-il 2x profit urappu. Ippo invest cheyyuka.,1,Malayalam-English
Ningalude parcel customs-il hold cheythirikkunnu. Release cheyyan click cheyyuka.,1,Malayalam-English
Income tax refund pending aanu. Bank details update cheyyuka.,1,Malayalam-English
Ningalude SIM 24 manikku deactivate aakum. Verify cheyyuka.,1,Malayalam-English
"Government subsidy 25,000 rupay labhikkum. Ippo register cheyyuka.",1,Malayalam-English
Ningalude password expire aayi. Reset cheyyan link click cheyyuka.,1,Malayalam-English
Ningal loan approval kitti. Amount receive cheyyan processing fee pay cheyyuka.,1,Malayalam-English
"Romantic friend request from abroad. Gift parcel varunnu, customs fee pay cheyyuka.",1,Malayalam-English
Ningalude account permanent ayi close aakum. Udane action edukkuka.,1,Malayalam-English
UPI block aayi. Re-activate cheyyan OTP share cheyyuka.,1,Malayalam-English
Ningal lucky winner aanu. Scratch card open cheyyuka.,1,Malayalam-English
Ningalude Aadhaar verification fail aayi. Update cheyyuka.,1,Malayalam-English
Credit card-il large amount debit aayi. Cancel cheyyan click cheyyuka.,1,Malayalam-English
Online order cancel aayi. Refund receive cheyyan bank details nalkuka.,1,Malayalam-English
Ningalude data leak aayi. Security upgrade cheyyuka.,1,Malayalam-English
Police legal notice issue cheythu. Case details check cheyyuka.,1,Malayalam-English
Daily trading scheme-il invest cheythal 100% return labhikkum. Limited offer.,1,Malayalam-English
Inniku class ethana manikku start aagum?,0,Tamil-English
Nethu un presentation romba nalla irundhuchu.,0,Tamil-English
"Naan evening market ku poren, edhavadhu venuma?",0,Tamil-English
Veetukku reach aana message pannunga.,0,Tamil-English
Padippu eppadi pogudhu?,0,Tamil-English
Sunday namma movie plan pannalama?,0,Tamil-English
Inniku weather super ah irukku.,0,Tamil-English
Un book ah table mela vechuten.,0,Tamil-English
Laptop charge pannitiya?,0,Tamil-English
Saapadu saaptacha?,0,Tamil-English
Naan 10 minutes la vandhuduven.,0,Tamil-English
Inniku test eppadi pochu?,0,Tamil-English
Un notes nala help aachu.,0,Tamil-English
Meeting link anuppunga.,0,Tamil-English
Assignment evening ku complete panniduven.,0,Tamil-English
Un phone switch off ah irundhudhu.,0,Tamil-English
Inniku nee free ah irukkiya?,0,Tamil-English
Andha photo anuppu.,0,Tamil-English
Lunch break la call pannalaam.,0,Tamil-English
En practical nalla pochu.,0,Tamil-English
Naala library ku polama?,0,Tamil-English
"Mail anupiten, check pannunga.",0,Tamil-English
Naala gym ku varriya?,0,Tamil-English
Inniku traffic romba jasthi.,0,Tamil-English
Naala seekiram kelambanum.,0,Tamil-English
Ungal bank account suspend pannirukkom. Udane verify pannunga.,1,Tamil-English
Congrats! Ungalukku 5 lakh lottery win aagiyulladhu. Ippo claim pannunga.,1,Tamil-English
Ungal ATM card block aagum. Udane KYC update pannunga.,1,Tamil-English
Ungal account la suspicious transaction irukku. Details check pannunga.,1,Tamil-English
Electricity bill pending irukku. Ippo pay panna illana connection cut aagum.,1,Tamil-English
Ungalukku free iPhone kidaichirukku! Delivery confirm pannunga.,1,Tamil-English
Ungal WhatsApp account deactivate aagum. Udane login pannunga.,1,Tamil-English
Work from home job offer! Daily 5000 earn pannalaam. Register now.,1,Tamil-English
Crypto investment la double profit guarantee. Ippo invest pannunga.,1,Tamil-English
Ungal parcel customs la hold pannirukkom. Release panna click pannunga.,1,Tamil-English
Income tax refund pending irukku. Bank details update pannunga.,1,Tamil-English
Ungal SIM 24 hours la deactivate aagum. Verify pannunga.,1,Tamil-English
"Government scheme la 25,000 subsidy kidaikkum. Ippo register pannunga.",1,Tamil-English
Ungal password expire aagiyulladhu. Reset panna link click pannunga.,1,Tamil-English
Ungaluku loan approval vandhirukku. Amount receive panna processing fee pay pannunga.,1,Tamil-English
Foreign friend gift parcel anuppirukkar. Customs fee pay pannunga.,1,Tamil-English
Ungal account permanent ah close aagum. Udane action edunga.,1,Tamil-English
UPI block aagiyulladhu. Reactivate panna OTP share pannunga.,1,Tamil-English
Lucky draw winner neenga! Scratch card open pannunga.,1,Tamil-English
Ungal Aadhaar verification fail aagiyulladhu. Update pannunga.,1,Tamil-English
Credit card la large amount debit aagiyulladhu. Cancel panna click pannunga.,1,Tamil-English
Online order cancel aagiyulladhu. Refund receive panna bank details kudunga.,1,Tamil-English
Ungal data leak aagiyulladhu. Security upgrade pannunga.,1,Tamil-English
Police legal notice issue pannirukkom. Case details check pannunga.,1,Tamil-English
Daily trading scheme la 100% return guarantee. Limited offer. Ippo invest pannunga.,1,Tamil-English
Ivattu class yestu gantige start agutte?,0,Kannada-English
Neenu manege safely reach aagidya?,0,Kannada-English
"Nale exam ide, ready aagidya?",0,Kannada-English
Sanje cricket aadona?,0,Kannada-English
Amma ninage call maadidru.,0,Kannada-English
Ivattu weather tumba chennagide.,0,Kannada-English
Ninna presentation super agittu.,0,Kannada-English
Lunch ayta?,0,Kannada-English
Naanu bus stand alli idini.,0,Kannada-English
Nale meet aagona.,0,Kannada-English
Manege bandmele message maadu.,0,Kannada-English
Homework complete maadidya?,0,Kannada-English
Office alli ivattu tumba busy.,0,Kannada-English
Weekend plan yenu?,0,Kannada-English
"Swalpa call maadu, important ide.",0,Kannada-English
Movie ge barthiya?,0,Kannada-English
Ninna health hegide?,0,Kannada-English
Ivattu late aagutte.,0,Kannada-English
Project submission date extend aagide.,0,Kannada-English
Coffee ge hogona?,0,Kannada-English
Ninna result bandide anta.,0,Kannada-English
Birthday party yelli ide?,0,Kannada-English
"Traffic tumba ide, swalpa late.",0,Kannada-English
"Naanu swalpa busy, nantara call maadtini.",0,Kannada-English
Safe travel maadu.,0,Kannada-English
"Nimma bank account block agide, immediate verify maadi.",1,Kannada-English
"Nimge 25,00,000 lottery win aagide! Claim maadakke details submit maadi.",1,Kannada-English
"Nimma KYC incomplete ide, 24 hours nalli update maadade idre account freeze agutte.",1,Kannada-English
Nimma ATM card deactivate agutte. Immediate action tegedukolli.,1,Kannada-English
Electricity bill pending ide. Pay maadade idre connection cut agutte.,1,Kannada-English
Free iPhone offer nimge select aagide! Delivery confirm maadi.,1,Kannada-English
"Nimma WhatsApp account suspend agutte, login verify maadi.",1,Kannada-English
Work from home job offer! Daily 5000 earn maadi. Register now.,1,Kannada-English
Crypto investment double profit guarantee. Limited offer.,1,Kannada-English
Nimma parcel customs alli hold agide. Release maadakke fee pay maadi.,1,Kannada-English
Income tax refund pending ide. Bank details update maadi.,1,Kannada-English
Nimma SIM deactivate agutte 12 hours nalli. Verify maadi.,1,Kannada-English
Government scheme subsidy nimge approve aagide. Register maadi.,1,Kannada-English
Password expire agide. Reset maadakke link click maadi.,1,Kannada-English
Loan approval ready ide. Processing fee pay maadi amount receive maadi.,1,Kannada-English
Foreign gift parcel bandide. Customs charge pay maadi.,1,Kannada-English
Nimma account suspicious activity detect aagide.,1,Kannada-English
UPI block agide. Reactivate maadakke OTP share maadi.,1,Kannada-English
Lucky draw winner neevu! Prize claim maadi.,1,Kannada-English
Aadhaar verification fail aagide. Immediate update maadi.,1,Kannada-English
Credit card nalli large transaction aagide. Cancel maadakke click maadi.,1,Kannada-English
Online order cancel aagide. Refund receive maadakke details kodi.,1,Kannada-English
Data breach alert! Security upgrade maadi.,1,Kannada-English
Police legal notice issue maadidare. Case details check maadi.,1,Kannada-English
Trading scheme 100% return guarantee. Immediate invest maadi.,1,Kannada-English
Aaj class koto taratari shuru hobe?,0,Bengali-English
Tumi bari safely pouchhe gecho?,0,Bengali-English
"Kal exam ache, ready acho?",0,Bengali-English
Sondhay cricket khelbo?,0,Bengali-English
Ma tomake call korechilo.,0,Bengali-English
Aaj weather ta khub bhalo.,0,Bengali-English
Tomar presentation ta darun chhilo.,0,Bengali-English
Lunch kheyecho?,0,Bengali-English
Ami ekhon bus stand e achi.,0,Bengali-English
Kal dekha korbo?,0,Bengali-English
Bari pouchhe message dio.,0,Bengali-English
Homework complete korecho?,0,Bengali-English
Office e aaj onek kaj chhilo.,0,Bengali-English
Weekend e ki plan?,0,Bengali-English
"Ektu call koro, kotha ache.",0,Bengali-English
Movie dekhte jabo?,0,Bengali-English
Tomar shorir kemon ache?,0,Bengali-English
Aaj ektu late hobe.,0,Bengali-English
Project submission date extend hoyeche.,0,Bengali-English
Coffee khete jabo?,0,Bengali-English
Tomar result beriyeche naki?,0,Bengali-English
Birthday party kothay?,0,Bengali-English
"Traffic onek beshi, ektu late hobo.",0,Bengali-English
"Ami ektu busy, pore call korbo.",0,Bengali-English
Safe travel koro.,0,Bengali-English
Apnar bank account block hoye geche. Tatkhanik verify korun.,1,Bengali-English
Abhinandan! Apni 10 lakh lottery jitechen. Claim korte details din.,1,Bengali-English
Apnar KYC update na korle account freeze hoye jabe.,1,Bengali-English
Apnar ATM card 24 ghontar moddhe deactivate hobe.,1,Bengali-English
Electricity bill due ache. Ekhn pay na korle connection kete jabe.,1,Bengali-English
Free iPhone offer e apni select hoyechen! Delivery confirm korun.,1,Bengali-English
Apnar WhatsApp account suspend hote pare. Login verify korun.,1,Bengali-English
Work from home job offer! Daily 5000 taka income korun.,1,Bengali-English
Crypto investment e double profit guarantee. Limited offer.,1,Bengali-English
Apnar parcel customs e atke ache. Release korte fee din.,1,Bengali-English
Income tax refund pending ache. Bank details update korun.,1,Bengali-English
Apnar SIM deactivate hobe. Tatkhanik verify korun.,1,Bengali-English
Government scheme subsidy approve hoyeche. Register korun.,1,Bengali-English
Password expire hoyeche. Reset korte link e click korun.,1,Bengali-English
Loan approval ready ache. Processing fee pay korun.,1,Bengali-English
Foreign gift parcel esheche. Customs charge pay korun.,1,Bengali-English
Apnar account e suspicious activity detect hoyeche.,1,Bengali-English
UPI block hoyeche. Reactivate korte OTP share korun.,1,Bengali-English
Lucky draw winner apni! Prize claim korun.,1,Bengali-English
Aadhaar verification fail hoyeche. Tatkhanik update korun.,1,Bengali-English
Credit card e boro amount debit hoyeche. Cancel korte click korun.,1,Bengali-English
Online order cancel hoyeche. Refund pete bank details din.,1,Bengali-English
Data breach alert! Security update korun.,1,Bengali-English
Police legal notice issue hoyeche. Case details check korun.,1,Bengali-English
Trading scheme e 100% return guarantee. Ekhn invest korun.,1,Bengali-English
Aaj class kiti vajta suru honar?,0,Marathi-English
Tu ghari safely pohachlas ka?,0,Marathi-English
"Udya exam aahe, ready ahes ka?",0,Marathi-English
Sandhyakali cricket khelu ka?,0,Marathi-English
Aai tujhya sathi call kela hota.,0,Marathi-English
Aaj weather khup chaan aahe.,0,Marathi-English
Tujhi presentation khup chaan hoti.,0,Marathi-English
Jevalas ka?,0,Marathi-English
Mi ata bus stand var aahe.,0,Marathi-English
Udya bhetu ya ka?,0,Marathi-English
Ghri pohachlyavar message kar.,0,Marathi-English
Homework complete kelas ka?,0,Marathi-English
Office madhe aaj khup kaam hota.,0,Marathi-English
Weekend la kay plan aahe?,0,Marathi-English
"Thoda call kar, bolaycha aahe.",0,Marathi-English
Movie la yenar ka?,0,Marathi-English
Tujhi tabyat kashi aahe?,0,Marathi-English
Aaj thoda late honar.,0,Marathi-English
Project submission date extend zali aahe.,0,Marathi-English
Coffee la jau ya ka?,0,Marathi-English
Tujha result lagla ka?,0,Marathi-English
Birthday party kuthe aahe?,0,Marathi-English
"Traffic khup aahe, thoda late hoil.",0,Marathi-English
"Mi thoda busy aahe, nantar call karto.",0,Marathi-English
Safe travel kar.,0,Marathi-English
Tumcha bank account block zala aahe. Tatkal verify kara.,1,Marathi-English
Abhinandan! Tumhi 15 lakh lottery jinkli aahe. Claim kara.,1,Marathi-English
KYC update nahi kelyas account freeze hoil.,1,Marathi-English
Tumcha ATM card 24 tasat deactivate hoil.,1,Marathi-English
Electricity bill pending aahe. Payment nahi kelyas connection cut hoil.,1,Marathi-English
Free iPhone offer sathi tumhi select jhala aahat!,1,Marathi-English
Tumcha WhatsApp account suspend hoil. Login verify kara.,1,Marathi-English
Work from home job offer! Daily 5000 kamva.,1,Marathi-English
Crypto investment madhe double profit guarantee.,1,Marathi-English
Tumcha parcel customs madhe atakla aahe. Fee pay kara.,1,Marathi-English
Income tax refund pending aahe. Bank details update kara.,1,Marathi-English
Tumcha SIM deactivate hoil. Tatkal verify kara.,1,Marathi-English
Government scheme subsidy approve zali aahe. Register kara.,1,Marathi-English
Password expire zala aahe. Reset kara.,1,Marathi-English
Loan approval ready aahe. Processing fee bhara.,1,Marathi-English
Foreign gift parcel ala aahe. Customs charge bhara.,1,Marathi-English
Tumcha account madhe suspicious activity detect zali aahe.,1,Marathi-English
UPI block zala aahe. Reactivate sathi OTP share kara.,1,Marathi-English
Lucky draw winner tumhi aahat! Prize claim kara.,1,Marathi-English
Aadhaar verification fail zali aahe. Update kara.,1,Marathi-English
Credit card var motha transaction zala aahe. Cancel kara.,1,Marathi-English
Online order cancel zala aahe. Refund sathi details dya.,1,Marathi-English
Data breach alert! Security update kara.,1,Marathi-English
Police legal notice issue zala aahe. Details check kara.,1,Marathi-English
Trading scheme 100% return guarantee. Ata invest kara.,1,Marathi-English
